ANNÉE,MARQUE,MODÈLE,CATÉGORIE DE,CYLINDRÉE,CYLINDRES,TRANSMISSION,TYPE DE,CONSOMMATION DE CARBURANT*,,,,ÉMISSIONS DE CO2,,,,
MODÈLE,,,VÉHICULE,(L),,,CARBURANT,VILLE (L/100 km),ROUTE (L/100 km),COMB (L/100 km),COMB (mi/gal),(g/km),,,,
2015,ACURA,ILX,COMPACTE,2.0,4,AS5,Z,9.7,6.7,8.3,34,191,,,,
2015,ACURA,ILX,COMPACTE,2.4,4,M6,Z,10.8,7.4,9.3,30,214,,,,
2015,ACURA,ILX HYBRID,COMPACTE,1.5,4,AV7,Z,6.0,6.1,6.1,46,140,,,,
2015,ACURA,MDX SH-AWD,VUS - PETIT,3.5,6,AS6,Z,12.7,9.1,11.1,25,255,,,,
2015,ACURA,RDX AWD,VUS - PETIT,3.5,6,AS6,Z,12.1,8.7,10.6,27,244,,,,
2015,ACURA,RLX,INTERMÉDIAIRE,3.5,6,AS6,Z,11.9,7.7,10.0,28,230,,,,
2015,ACURA,RLX HYBRID,INTERMÉDIAIRE,3.5,6,AM7,Z,8.0,7.5,7.7,37,177,,,,
2015,ACURA,TLX,COMPACTE,2.4,4,AM8,Z,9.6,6.6,8.3,34,191,,,,
2015,ACURA,TLX,COMPACTE,3.5,6,AS9,Z,11.2,6.9,9.2,31,212,,,,
2015,ACURA,TLX SH-AWD,COMPACTE,3.5,6,AS9,Z,11.2,7.5,9.6,29,221,,,,
2015,ALFA ROMEO,4C,DEUX PLACES,1.8,4,AM6,Z,9.7,6.9,8.4,34,193,,,,
2015,ASTON MARTIN,DB9,MINICOMPACTE,5.9,12,A6,Z,18.0,12.6,15.6,18,359,,,,
2015,ASTON MARTIN,RAPIDE S,SOUS-COMPACTE,6.0,12,A8,Z,16.8,10.9,14.2,20,327,,,,
2015,ASTON MARTIN,V8 VANTAGE,DEUX PLACES,4.7,8,AM7,Z,17.4,11.3,14.7,19,338,,,,
2015,ASTON MARTIN,V8 VANTAGE,DEUX PLACES,4.7,8,M6,Z,18.1,12.3,15.5,18,356,,,,
2015,ASTON MARTIN,V8 VANTAGE S,DEUX PLACES,4.7,8,AM7,Z,17.4,11.3,14.7,19,338,,,,
2015,ASTON MARTIN,V8 VANTAGE S,DEUX PLACES,4.7,8,M6,Z,18.1,12.3,15.5,18,356,,,,
2015,ASTON MARTIN,V12 VANTAGE S,DEUX PLACES,6.0,12,AM7,Z,19.5,12.8,16.5,17,379,,,,
2015,ASTON MARTIN,VANTAGE GT,DEUX PLACES,4.7,8,AM7,Z,17.4,11.3,14.7,19,338,,,,
2015,ASTON MARTIN,VANTAGE GT,DEUX PLACES,4.7,8,M6,Z,18.1,12.3,15.5,18,356,,,,
2015,ASTON MARTIN,VANQUISH,MINICOMPACTE,6.0,12,A8,Z,17.6,11.4,14.8,19,340,,,,
2015,AUDI,A3,SOUS-COMPACTE,1.8,4,AM6,Z,10.0,7.1,8.7,32,200,,,,
2015,AUDI,A3 TDI (modifié),SOUS-COMPACTE,2.0,4,AM6,D,7.6,5.5,6.5,43,177,,,,
2015,AUDI,A3 QUATTRO,SOUS-COMPACTE,2.0,4,AM6,Z,9.8,7.2,8.6,33,198,,,,
2015,AUDI,A3 CABRIOLET QUATTRO,SOUS-COMPACTE,2.0,4,AM6,Z,10.1,7.5,8.9,32,205,,,,
2015,AUDI,A4,COMPACTE,2.0,4,AV8,Z,9.9,7.6,8.9,32,205,,,,
2015,AUDI,A4 QUATTRO,COMPACTE,2.0,4,AS8,Z,11.0,7.8,9.6,29,221,,,,
2015,AUDI,A4 QUATTRO,COMPACTE,2.0,4,M6,Z,10.6,7.3,9.1,31,209,,,,
2015,AUDI,A4 ALLROAD QUATTRO,FAMILIALE - PETITE,2.0,4,AS8,Z,11.2,8.4,9.9,28,228,,,,
2015,AUDI,A5 QUATTRO,SOUS-COMPACTE,2.0,4,AS8,Z,11.0,7.8,9.6,29,221,,,,
2015,AUDI,A5 QUATTRO,SOUS-COMPACTE,2.0,4,M6,Z,10.6,7.3,9.1,31,209,,,,
2015,AUDI,A5 CABRIOLET QUATTRO,SOUS-COMPACTE,2.0,4,AS8,Z,11.3,8.0,9.8,29,225,,,,
2015,AUDI,A6 QUATTRO,INTERMÉDIAIRE,2.0,4,AS8,Z,12.0,8.1,10.3,27,237,,,,
2015,AUDI,A6 QUATTRO,INTERMÉDIAIRE,3.0,6,AS8,Z,12.8,8.6,10.9,26,251,,,,
2015,AUDI,A6 QUATTRO TDI (modifié),INTERMÉDIAIRE,3.0,6,AS8,D,9.8,6.2,8.1,35,217,,,,
2015,AUDI,A7 QUATTRO,INTERMÉDIAIRE,3.0,6,AS8,Z,13.1,8.5,11.0,26,253,,,,
2015,AUDI,A7 QUATTRO TDI (modifié),INTERMÉDIAIRE,3.0,6,AS8,D,9.8,6.2,8.1,35,217,,,,
2015,AUDI,A8,INTERMÉDIAIRE,3.0,6,AS8,Z,12.6,8.0,10.5,27,242,,,,
2015,AUDI,A8,INTERMÉDIAIRE,4.0,8,AS8,Z,12.9,8.0,10.7,26,246,,,,
2015,AUDI,A8 TDI (modifié),INTERMÉDIAIRE,3.0,6,AS8,D,9.8,6.5,8.4,34,224,,,,
2015,AUDI,A8L,GRANDE BERLINE,3.0,6,AS8,Z,12.6,8.0,10.5,27,242,,,,
2015,AUDI,A8L,GRANDE BERLINE,4.0,8,AS8,Z,13.2,8.3,11.0,26,258,,,,
2015,AUDI,A8L,GRANDE BERLINE,6.3,12,AS8,Z,17.8,10.8,14.6,19,344,,,,
2015,AUDI,A8L TDI (modifié),GRANDE BERLINE,3.0,6,AS8,D,9.8,6.5,8.4,34,224,,,,
2015,AUDI,Q3,COMPACTE,2.0,4,AS6,Z,12.0,8.2,10.3,27,237,,,,
2015,AUDI,Q3 QUATTRO,COMPACTE,2.0,4,AS6,Z,11.9,8.4,10.3,27,237,,,,
2015,AUDI,Q5,VUS - PETIT,2.0,4,AS8,Z,12.0,8.5,10.4,27,239,,,,
2015,AUDI,Q5,VUS - PETIT,3.0,6,AS8,Z,13.2,9.2,11.4,25,262,,,,
2015,AUDI,Q5 TDI (modifié),VUS - PETIT,3.0,6,AS8,D,10.2,7.8,9.0,31,244,,,,
2015,AUDI,Q5 HYBRID,VUS - PETIT,2.0,4,AS8,Z,9.8,7.9,8.9,32,205,,,,
2015,AUDI,Q7,VUS - ORDINAIRE,3.0,6,AS8,Z,15.2,11.0,13.3,21,306,,,,
2015,AUDI,Q7 TDI (modifié),VUS - ORDINAIRE,3.0,6,AS8,D,12.4,8.7,10.7,26,290,,,,
2015,AUDI,R8,DEUX PLACES,4.2,8,AM7,Z,17.3,10.4,14.2,20,327,,,,
2015,AUDI,R8,DEUX PLACES,4.2,8,M6,Z,20.5,11.7,16.6,17,382,,,,
2015,AUDI,R8,DEUX PLACES,5.2,10,AM7,Z,18.2,10.6,14.8,19,347,,,,
2015,AUDI,R8,DEUX PLACES,5.2,10,M6,Z,19.9,12.0,16.4,17,377,,,,
2015,AUDI,R8 SPYDER,DEUX PLACES,4.2,8,AM7,Z,17.3,10.4,14.2,20,327,,,,
2015,AUDI,R8 SPYDER,DEUX PLACES,4.2,8,M6,Z,20.5,11.7,16.6,17,382,,,,
2015,AUDI,R8 SPYDER,DEUX PLACES,5.2,10,AM7,Z,18.2,10.6,14.8,19,347,,,,
2015,AUDI,R8 SPYDER,DEUX PLACES,5.2,10,M6,Z,19.9,12.0,16.4,17,377,,,,
2015,AUDI,RS5,SOUS-COMPACTE,4.2,8,AM7,Z,14.9,10.1,12.8,22,294,,,,
2015,AUDI,RS5 CABRIOLET,SOUS-COMPACTE,4.2,8,AM7,Z,14.8,10.6,12.9,22,297,,,,
2015,AUDI,RS 7,INTERMÉDIAIRE,4.0,8,AS8,Z,16.6,9.4,13.3,21,313,,,,
2015,AUDI,S3,SOUS-COMPACTE,2.0,4,AM6,Z,10.1,7.7,9.0,31,207,,,,
2015,AUDI,S4,COMPACTE,3.0,6,AM7,Z,13.0,8.5,11.0,26,253,,,,
2015,AUDI,S4,COMPACTE,3.0,6,M6,Z,13.8,9.0,11.7,24,269,,,,
2015,AUDI,S5,SOUS-COMPACTE,3.0,6,AM7,Z,13.0,8.5,11.0,26,253,,,,
2015,AUDI,S5,SOUS-COMPACTE,3.0,6,M6,Z,13.8,9.0,11.7,24,269,,,,
2015,AUDI,S5 CABRIOLET,SOUS-COMPACTE,3.0,6,AM7,Z,13.3,9.1,11.4,25,262,,,,
2015,AUDI,S6,INTERMÉDIAIRE,4.0,8,AM7,Z,14.0,8.7,11.7,24,269,,,,
2015,AUDI,S7,INTERMÉDIAIRE,4.0,8,AM7,Z,14.0,8.7,11.7,24,269,,,,
2015,AUDI,S8,INTERMÉDIAIRE,4.0,8,AS8,Z,14.6,8.8,11.9,24,281,,,,
2015,AUDI,SQ5,VUS - PETIT,3.0,6,AS8,Z,14.1,9.9,12.2,23,281,,,,
2015,AUDI,TT COUPE QUATTRO,SOUS-COMPACTE,2.0,4,AM6,Z,10.4,7.6,9.1,31,209,,,,
2015,AUDI,TT ROADSTER QUATTRO,DEUX PLACES,2.0,4,AM6,Z,10.4,7.7,9.2,31,212,,,,
2015,AUDI,TTS COUPE QUATTRO,SOUS-COMPACTE,2.0,4,AM6,Z,11.7,8.4,10.2,28,235,,,,
2015,AUDI,TTS ROADSTER QUATTRO,DEUX PLACES,2.0,4,AM6,Z,11.7,8.5,10.2,28,235,,,,
2015,BENTLEY,CONTINENTAL GT,COMPACTE,4.0,8,AS8,Z,16.1,9.4,13.1,22,307,,,,
2015,BENTLEY,CONTINENTAL GT,COMPACTE,6.0,12,AS8,Z,18.9,11.2,15.4,18,354,,,,
2015,BENTLEY,CONTINENTAL GT CONVERTIBLE,SOUS-COMPACTE,4.0,8,AS8,Z,17.7,10.3,14.4,20,337,,,,
2015,BENTLEY,CONTINENTAL GT CONVERTIBLE,SOUS-COMPACTE,6.0,12,AS8,Z,19.6,11.7,16.0,18,368,,,,
2015,BENTLEY,CONTINENTAL GT3-R,DEUX PLACES,4.0,8,AS8,Z,17.6,10.1,14.2,20,327,,,,
2015,BENTLEY,FLYING SPUR,INTERMÉDIAIRE,4.0,8,AS8,Z,17.7,10.0,14.2,20,334,,,,
2015,BENTLEY,FLYING SPUR,INTERMÉDIAIRE,6.0,12,AS8,Z,20.3,11.9,16.5,17,388,,,,
2015,BENTLEY,MULSANNE,INTERMÉDIAIRE,6.8,8,AS8,Z,22.3,13.3,18.2,16,419,,,,
2015,BMW,228i CABRIOLET,SOUS-COMPACTE,2.0,4,AS8,Z,10.4,7.1,8.9,32,205,,,,
2015,BMW,228i COUPE,SOUS-COMPACTE,2.0,4,AS8,Z,10.0,6.5,8.4,34,193,,,,
2015,BMW,228i COUPE,SOUS-COMPACTE,2.0,4,M6,Z,10.7,6.9,9.0,31,207,,,,
2015,BMW,228i xDRIVE CABRIOLET,SOUS-COMPACTE,2.0,4,AS8,Z,10.6,7.2,9.1,31,209,,,,
2015,BMW,228i xDRIVE COUPE,SOUS-COMPACTE,2.0,4,AS8,Z,10.3,6.7,8.7,32,200,,,,
2015,BMW,320i SEDAN,COMPACTE,2.0,4,AS8,Z,10.0,6.5,8.4,34,193,,,,
2015,BMW,320i SEDAN,COMPACTE,2.0,4,M6,Z,10.7,6.9,9.0,31,207,,,,
2015,BMW,320i xDRIVE SEDAN,COMPACTE,2.0,4,AS8,Z,10.3,6.7,8.7,32,200,,,,
2015,BMW,328d xDRIVE SEDAN,COMPACTE,2.0,4,AS8,D,7.6,5.5,6.7,42,181,,,,
2015,BMW,328d xDRIVE TOURING,FAMILIALE - PETITE,2.0,4,AS8,D,7.6,5.5,6.7,42,181,,,,
2015,BMW,328i SEDAN,COMPACTE,2.0,4,AS8,Z,10.0,6.5,8.4,34,193,,,,
2015,BMW,328i SEDAN,COMPACTE,2.0,4,M6,Z,10.7,6.9,9.0,31,207,,,,
2015,BMW,328i xDRIVE SEDAN,COMPACTE,2.0,4,AS8,Z,10.6,7.2,9.1,31,209,,,,
2015,BMW,328i xDRIVE GRAN TURISMO,GRANDE BERLINE,2.0,4,AS8,Z,10.6,7.2,9.1,31,209,,,,
2015,BMW,328i xDRIVE TOURING,FAMILIALE - PETITE,2.0,4,AS8,Z,10.6,7.2,9.1,31,209,,,,
2015,BMW,335i SEDAN,COMPACTE,3.0,6,AS8,Z,11.4,7.4,9.6,29,221,,,,
2015,BMW,335i SEDAN,COMPACTE,3.0,6,M6,Z,11.5,7.8,9.8,29,225,,,,
2015,BMW,335i xDRIVE SEDAN,COMPACTE,3.0,6,AS8,Z,11.9,7.8,10.0,28,230,,,,
2015,BMW,335i xDRIVE SEDAN,COMPACTE,3.0,6,M6,Z,12.0,8.3,10.3,27,237,,,,
2015,BMW,335i xDRIVE GRAN TURISMO,GRANDE BERLINE,3.0,6,AS8,Z,11.9,7.8,10.0,28,230,,,,
2015,BMW,428i CABRIOLET,SOUS-COMPACTE,2.0,4,AS8,Z,10.4,7.1,8.9,32,205,,,,
2015,BMW,428i COUPE,COMPACTE,2.0,4,AS8,Z,10.0,6.5,8.4,34,193,,,,
2015,BMW,428i COUPE,COMPACTE,2.0,4,M6,Z,10.7,6.9,9.0,31,207,,,,
2015,BMW,428i GRAN COUPE,COMPACTE,2.0,4,AS8,Z,10.4,7.1,8.9,32,205,,,,
2015,BMW,428i GRAN COUPE,COMPACTE,2.0,4,M6,Z,10.9,6.8,9.0,31,207,,,,
2015,BMW,428i xDRIVE CABRIOLET,SOUS-COMPACTE,2.0,4,AS8,Z,11.2,7.5,9.6,29,221,,,,
2015,BMW,428i xDRIVE COUPE,COMPACTE,2.0,4,AS8,Z,10.6,7.2,9.1,31,209,,,,
2015,BMW,428i xDRIVE GRAN COUPE,COMPACTE,2.0,4,AS8,Z,10.6,7.2,9.1,31,209,,,,
2015,BMW,435i CABRIOLET,SOUS-COMPACTE,3.0,6,AS8,Z,11.8,7.6,9.9,29,228,,,,
2015,BMW,435i COUPE,COMPACTE,3.0,6,AS8,Z,11.4,7.4,9.6,29,221,,,,
2015,BMW,435i COUPE,COMPACTE,3.0,6,M6,Z,11.5,7.8,9.8,29,225,,,,
2015,BMW,435i GRAN COUPE,COMPACTE,3.0,6,AS8,Z,11.4,7.4,9.6,29,221,,,,
2015,BMW,435i xDRIVE CABRIOLET,SOUS-COMPACTE,3.0,6,AS8,Z,12.1,8.1,10.3,27,237,,,,
2015,BMW,435i xDRIVE COUPE,COMPACTE,3.0,6,AS8,Z,11.9,7.8,10.0,28,230,,,,
2015,BMW,435i xDRIVE COUPE,COMPACTE,3.0,6,M6,Z,12.0,8.3,10.3,27,237,,,,
2015,BMW,435i xDRIVE GRAN COUPE,COMPACTE,3.0,6,AS8,Z,11.9,7.8,10.0,28,230,,,,
2015,BMW,528i SEDAN,INTERMÉDIAIRE,2.0,4,AS8,Z,10.4,7.1,8.9,32,205,,,,
2015,BMW,528i xDRIVE SEDAN,INTERMÉDIAIRE,2.0,4,AS8,Z,10.6,7.2,9.1,31,209,,,,
2015,BMW,535d xDRIVE SEDAN,INTERMÉDIAIRE,3.0,6,AS8,D,9.2,6.3,7.9,36,213,,,,
2015,BMW,535i xDRIVE SEDAN,INTERMÉDIAIRE,3.0,6,AS8,Z,12.1,8.1,10.3,27,237,,,,
2015,BMW,535i xDRIVE GRAN TURISMO,GRANDE BERLINE,3.0,6,AS8,Z,12.8,8.9,11.0,26,253,,,,
2015,BMW,550i xDRIVE SEDAN,INTERMÉDIAIRE,4.4,8,AS8,Z,14.4,9.7,12.3,23,283,,,,
2015,BMW,550i xDRIVE GRAN TURISMO,GRANDE BERLINE,4.4,8,AS8,Z,15.2,9.8,12.8,22,294,,,,
2015,BMW,640i xDRIVE CABRIOLET,SOUS-COMPACTE,3.0,6,AS8,Z,12.1,8.1,10.3,27,237,,,,
2015,BMW,640i xDRIVE GRAN COUPE,COMPACTE,3.0,6,AS8,Z,12.1,8.1,10.3,27,237,,,,
2015,BMW,650i xDRIVE CABRIOLET,SOUS-COMPACTE,4.4,8,AS8,Z,15.2,9.8,12.8,22,294,,,,
2015,BMW,650i xDRIVE COUPE,COMPACTE,4.4,8,AS8,Z,14.4,9.7,12.3,23,283,,,,
2015,BMW,650i xDRIVE GRAN COUPE,COMPACTE,4.4,8,AS8,Z,15.2,9.8,12.8,22,294,,,,
2015,BMW,740Ld xDRIVE SEDAN,GRANDE BERLINE,3.0,6,AS8,D,10.2,7.1,8.8,32,238,,,,
2015,BMW,740Li xDRIVE SEDAN,GRANDE BERLINE,3.0,6,AS8,Z,12.1,8.1,10.3,27,237,,,,
2015,BMW,750i xDRIVE SEDAN,GRANDE BERLINE,4.4,8,AS8,Z,15.2,9.8,12.8,22,294,,,,
2015,BMW,750Li xDRIVE SEDAN,GRANDE BERLINE,4.4,8,AS8,Z,15.2,9.8,12.8,22,294,,,,
2015,BMW,760Li SEDAN,GRANDE BERLINE,6.0,12,AS8,Z,18.7,11.6,15.5,18,356,,,,
2015,BMW,ACTIVEHYBRID 3,COMPACTE,3.0,6,AS8,Z,9.7,7.5,8.7,32,200,,,,
2015,BMW,ACTIVEHYBRID 5,INTERMÉDIAIRE,3.0,6,AS8,Z,10.6,7.9,9.4,30,216,,,,
2015,BMW,ACTIVEHYBRID 7L,GRANDE BERLINE,3.0,6,AS8,Z,10.6,7.7,9.3,30,214,,,,
2015,BMW,ALPINA B6 xDRIVE GRAN COUPE,COMPACTE,4.4,8,AS8,Z,15.2,9.8,12.8,22,294,,,,
2015,BMW,ALPINA B7 xDRIVE LWB,GRANDE BERLINE,4.4,8,AS8,Z,15.2,9.8,12.8,22,294,,,,
2015,BMW,ALPINA B7 xDRIVE SWB,GRANDE BERLINE,4.4,8,AS8,Z,15.2,9.8,12.8,22,294,,,,
2015,BMW,M235i CABRIOLET,SOUS-COMPACTE,3.0,6,AS8,Z,11.8,8.1,10.2,28,235,,,,
2015,BMW,M235i CABRIOLET,SOUS-COMPACTE,3.0,6,M6,Z,12.3,9.0,10.8,26,248,,,,
2015,BMW,M235i COUPE,SOUS-COMPACTE,3.0,6,AS8,Z,11.8,8.1,10.2,28,235,,,,
2015,BMW,M235i COUPE,SOUS-COMPACTE,3.0,6,M6,Z,11.9,8.5,10.4,27,239,,,,
2015,BMW,M235i xDRIVE COUPE,SOUS-COMPACTE,3.0,6,AS8,Z,11.9,7.8,10.0,28,230,,,,
2015,BMW,M3 SEDAN,COMPACTE,3.0,6,AM7,Z,14.2,9.6,12.1,23,278,,,,
2015,BMW,M3 SEDAN,COMPACTE,3.0,6,M6,Z,13.7,9.0,11.6,24,267,,,,
2015,BMW,M4 CABRIOLET,SOUS-COMPACTE,3.0,6,AM7,Z,14.1,9.7,12.1,23,278,,,,
2015,BMW,M4 CABRIOLET,SOUS-COMPACTE,3.0,6,M6,Z,14.1,9.0,11.8,24,271,,,,
2015,BMW,M4 COUPE,COMPACTE,3.0,6,AM7,Z,14.1,9.7,12.1,23,278,,,,
2015,BMW,M4 COUPE,COMPACTE,3.0,6,M6,Z,13.7,9.0,11.6,24,267,,,,
2015,BMW,M5 SEDAN,INTERMÉDIAIRE,4.4,8,AM7,Z,17.3,11.5,14.7,19,338,,,,
2015,BMW,M5 SEDAN,INTERMÉDIAIRE,4.4,8,M6,Z,16.1,10.8,13.7,21,315,,,,
2015,BMW,M6 CABRIOLET,SOUS-COMPACTE,4.4,8,AM7,Z,17.3,11.5,14.7,19,338,,,,
2015,BMW,M6 CABRIOLET,SOUS-COMPACTE,4.4,8,M6,Z,16.1,10.8,13.7,21,315,,,,
2015,BMW,M6 COUPE,COMPACTE,4.4,8,AM7,Z,17.3,11.5,14.7,19,338,,,,
2015,BMW,M6 COUPE,COMPACTE,4.4,8,M6,Z,16.1,10.8,13.7,21,315,,,,
2015,BMW,M6 GRAN COUPE,COMPACTE,4.4,8,AM7,Z,17.3,11.5,14.7,19,338,,,,
2015,BMW,M6 GRAN COUPE,COMPACTE,4.4,8,M6,Z,16.1,10.8,13.7,21,315,,,,
2015,BMW,X1 xDRIVE28i,VUS - PETIT,2.0,4,AS8,Z,10.6,7.2,9.1,31,209,,,,
2015,BMW,X1 xDRIVE35i,VUS - PETIT,3.0,6,AS8,Z,13.2,8.9,11.2,25,258,,,,
2015,BMW,X3 xDRIVE28d,VUS - PETIT,2.0,4,AS8,D,8.6,6.9,7.9,36,213,,,,
2015,BMW,X3 xDRIVE28i,VUS - PETIT,2.0,4,AS8,Z,11.1,8.4,9.9,29,228,,,,
2015,BMW,X3 xDRIVE35i,VUS - PETIT,3.0,6,AS8,Z,12.7,8.8,10.9,26,251,,,,
2015,BMW,X4 xDRIVE28i,VUS - PETIT,2.0,4,AS8,Z,11.7,8.4,10.2,28,235,,,,
2015,BMW,X4 xDRIVE35i,VUS - PETIT,3.0,6,AS8,Z,12.7,8.8,10.9,26,251,,,,
2015,BMW,X5 M,VUS - ORDINAIRE,4.4,8,AS8,Z,16.6,12.1,14.6,19,336,,,,
2015,BMW,X5 xDRIVE35d,VUS - ORDINAIRE,3.0,6,AS8,D,9.9,7.2,8.7,32,235,,,,
2015,BMW,X5 xDRIVE35i,VUS - ORDINAIRE,3.0,6,AS8,Z,13.0,8.9,11.1,25,255,,,,
2015,BMW,X5 xDRIVE50i,VUS - ORDINAIRE,4.4,8,AS8,Z,16.1,10.9,13.8,20,317,,,,
2015,BMW,X6 M,VUS - ORDINAIRE,4.4,8,AS8,Z,16.6,12.1,14.6,19,336,,,,
2015,BMW,X6 xDRIVE35i,VUS - ORDINAIRE,3.0,6,AS8,Z,13.0,8.9,11.1,25,255,,,,
2015,BMW,X6 xDRIVE50i,VUS - ORDINAIRE,4.4,8,AS8,Z,16.1,10.9,13.8,20,317,,,,
2015,BMW,Z4 sDRIVE28i,DEUX PLACES,2.0,4,AS8,Z,10.7,7.1,9.1,31,209,,,,
2015,BMW,Z4 sDRIVE28i,DEUX PLACES,2.0,4,M6,Z,10.7,6.9,9.0,31,207,,,,
2015,BMW,Z4 sDRIVE35i,DEUX PLACES,3.0,6,AM7,Z,13.7,10.0,12.1,23,278,,,,
2015,BMW,Z4 sDRIVE35i,DEUX PLACES,3.0,6,M6,Z,12.7,9.0,11.0,26,253,,,,
2015,BMW,Z4 sDRIVE35is,DEUX PLACES,3.0,6,AM7,Z,13.7,10.0,12.1,23,278,,,,
2015,BUICK,ENCLAVE,VUS - ORDINAIRE,3.6,6,A6,X,14.2,9.9,12.3,23,283,,,,
2015,BUICK,ENCLAVE AWD,VUS - ORDINAIRE,3.6,6,A6,X,14.6,10.2,12.6,22,290,,,,
2015,BUICK,ENCORE,VUS - PETIT,1.4,4,AS6,X,9.5,7.2,8.5,33,196,,,,
2015,BUICK,ENCORE AWD,VUS - PETIT,1.4,4,AS6,X,10.2,8.0,9.2,31,212,,,,
2015,BUICK,LACROSSE,INTERMÉDIAIRE,3.6,6,AS6,X,13.7,8.6,11.4,25,262,,,,
2015,BUICK,LACROSSE,INTERMÉDIAIRE,3.6,6,AS6,E,18.7,12.4,15.8,18,253,,,,
2015,BUICK,LACROSSE AWD,INTERMÉDIAIRE,3.6,6,AS6,X,13.9,9.1,11.7,24,269,,,,
2015,BUICK,LACROSSE AWD,INTERMÉDIAIRE,3.6,6,AS6,E,18.6,12.6,15.9,18,254,,,,
2015,BUICK,LACROSSE eASSIST,INTERMÉDIAIRE,2.4,4,AS6,X,9.6,6.5,8.2,34,189,,,,
2015,BUICK,REGAL,INTERMÉDIAIRE,2.0,4,AS6,Z,11.4,7.9,9.8,29,225,,,,
2015,BUICK,REGAL,INTERMÉDIAIRE,2.0,4,M6,Z,11.6,7.6,9.8,29,225,,,,
2015,BUICK,REGAL AWD,INTERMÉDIAIRE,2.0,4,AS6,Z,12.4,8.7,10.7,26,246,,,,
2015,BUICK,REGAL eASSIST,INTERMÉDIAIRE,2.4,4,AS6,X,9.6,6.5,8.2,34,189,,,,
2015,BUICK,VERANO,COMPACTE,2.0,4,AS6,Z,11.4,7.9,9.8,29,225,,,,
2015,BUICK,VERANO,COMPACTE,2.0,4,M6,Z,11.6,7.6,9.8,29,225,,,,
2015,BUICK,VERANO,COMPACTE,2.4,4,AS6,X,11.1,7.4,9.4,30,216,,,,
2015,CADILLAC,ATS,COMPACTE,2.0,4,AS6,Z,11.1,7.9,9.7,29,223,,,,
2015,CADILLAC,ATS,COMPACTE,2.0,4,M6,Z,12.2,7.9,10.3,27,237,,,,
2015,CADILLAC,ATS,COMPACTE,2.5,4,AS6,X,11.1,7.2,9.3,30,214,,,,
2015,CADILLAC,ATS,COMPACTE,3.6,6,AS6,X,12.8,8.4,10.8,26,248,,,,
2015,CADILLAC,ATS AWD,COMPACTE,2.0,4,AS6,Z,11.5,8.5,10.2,28,235,,,,
2015,CADILLAC,ATS AWD,COMPACTE,3.6,6,AS6,X,12.8,8.9,11.0,26,253,,,,
2015,CADILLAC,CTS,INTERMÉDIAIRE,2.0,4,AS6,Z,11.5,7.9,9.9,29,228,,,,
2015,CADILLAC,CTS,INTERMÉDIAIRE,3.6,6,AS8,X,12.8,8.2,10.7,26,246,,,,
2015,CADILLAC,CTS AWD,INTERMÉDIAIRE,2.0,4,AS6,Z,12.3,8.5,10.6,27,244,,,,
2015,CADILLAC,CTS AWD,INTERMÉDIAIRE,3.6,6,AS6,X,12.8,8.9,11.0,26,253,,,,
2015,CADILLAC,CTS Vsport,INTERMÉDIAIRE,3.6,6,AS8,Z,15.1,9.9,12.7,22,292,,,,
2015,CADILLAC,ESCALADE 4WD,VUS - ORDINAIRE,6.2,8,A6,Z,16.2,11.4,14.0,20,322,,,,
2015,CADILLAC,ESCALADE 4WD,VUS - ORDINAIRE,6.2,8,A8,Z,15.9,11.1,13.8,20,317,,,,
2015,CADILLAC,ESCALADE ESV 4WD,VUS - ORDINAIRE,6.2,8,A6,Z,16.8,11.7,14.5,19,334,,,,
2015,CADILLAC,ESCALADE ESV 4WD,VUS - ORDINAIRE,6.2,8,A8,Z,16.4,11.7,14.3,20,329,,,,
2015,CADILLAC,SRX,VUS - ORDINAIRE,3.6,6,AS6,X,14.2,9.8,12.3,23,283,,,,
2015,CADILLAC,SRX AWD,VUS - ORDINAIRE,3.6,6,AS6,X,14.8,10.4,12.8,22,294,,,,
2015,CADILLAC,XTS,GRANDE BERLINE,3.6,6,AS6,X,13.6,8.6,11.3,25,260,,,,
2015,CADILLAC,XTS AWD,GRANDE BERLINE,3.6,6,AS6,X,13.7,8.9,11.6,24,267,,,,
2015,CADILLAC,XTS Vsport AWD,GRANDE BERLINE,3.6,6,AS6,Z,14.8,9.9,12.6,22,290,,,,
2015,CHEVROLET,CAMARO,COMPACTE,3.6,6,AS6,X,13.3,8.8,11.3,25,260,,,,
2015,CHEVROLET,CAMARO,COMPACTE,3.6,6,M6,X,14.0,8.4,11.5,25,265,,,,
2015,CHEVROLET,CAMARO,COMPACTE,6.2,8,AS6,Z,15.3,9.8,12.8,22,294,,,,
2015,CHEVROLET,CAMARO,COMPACTE,6.2,8,M6,Z,15.0,9.9,12.7,22,292,,,,
2015,CHEVROLET,CAMARO 2LS,COMPACTE,3.6,6,AS6,X,12.6,7.9,10.5,27,242,,,,
2015,CHEVROLET,CAMARO Z/28,COMPACTE,6.2,8,M6,Z,18.1,12.3,15.5,18,357,,,,
2015,CHEVROLET,CAMARO ZL1,COMPACTE,6.2,8,AS6,Z,19.9,13.0,16.8,17,386,,,,
2015,CHEVROLET,CAMARO ZL1,COMPACTE,6.2,8,M6,Z,16.6,12.4,14.7,19,338,,,,
2015,CHEVROLET,CITY EXPRESS,VÉHICULE À USAGE SPÉCIAL,2.0,4,AV,X,9.7,9.0,9.4,30,216,,,,
2015,CHEVROLET,COLORADO,CAMIONNETTE - PETITE,2.5,4,A6,X,11.9,8.8,10.5,27,242,,,,
2015,CHEVROLET,COLORADO,CAMIONNETTE - PETITE,2.5,4,M6,X,12.2,9.1,10.8,26,248,,,,
2015,CHEVROLET,COLORADO,CAMIONNETTE - PETITE,3.6,6,A6,X,13.0,9.2,11.3,25,260,,,,
2015,CHEVROLET,COLORADO 4WD,CAMIONNETTE - PETITE,2.5,4,A6,X,12.7,9.5,11.3,25,260,,,,
2015,CHEVROLET,COLORADO 4WD,CAMIONNETTE - PETITE,3.6,6,A6,X,13.5,9.8,11.8,24,271,,,,
2015,CHEVROLET,CORVETTE,DEUX PLACES,6.2,8,AS8,Z,14.6,8.1,11.7,24,269,,,,
2015,CHEVROLET,CORVETTE,DEUX PLACES,6.2,8,M7,Z,13.7,8.2,11.2,25,258,,,,
2015,CHEVROLET,CORVETTE Z06,DEUX PLACES,6.2,8,AS8,Z,17.7,10.2,14.3,20,329,,,,
2015,CHEVROLET,CORVETTE Z06,DEUX PLACES,6.2,8,M7,Z,15.7,10.6,13.4,21,308,,,,
2015,CHEVROLET,CRUZE,INTERMÉDIAIRE,1.4,4,AS6,X,9.1,6.3,7.8,36,179,,,,
2015,CHEVROLET,CRUZE,INTERMÉDIAIRE,1.4,4,M6,X,9.0,6.2,7.8,36,179,,,,
2015,CHEVROLET,CRUZE,INTERMÉDIAIRE,1.8,4,AS6,X,10.5,6.8,8.8,32,202,,,,
2015,CHEVROLET,CRUZE,INTERMÉDIAIRE,1.8,4,M6,X,9.4,6.6,8.1,35,186,,,,
2015,CHEVROLET,CRUZE DIESEL,INTERMÉDIAIRE,2.0,4,AS6,D,8.7,5.1,7.1,40,192,,,,
2015,CHEVROLET,CRUZE ECO,INTERMÉDIAIRE,1.4,4,A6,X,9.0,6.1,7.7,37,177,,,,
2015,CHEVROLET,CRUZE ECO,INTERMÉDIAIRE,1.4,4,M6,X,8.4,5.6,7.1,40,163,,,,
2015,CHEVROLET,EQUINOX,VUS - PETIT,2.4,4,A6,X,10.5,7.3,9.1,31,209,,,,
2015,CHEVROLET,EQUINOX FFV,VUS - PETIT,2.4,4,A6,X,10.5,7.3,9.1,31,209,,,,
2015,CHEVROLET,EQUINOX FFV,VUS - PETIT,2.4,4,A6,E,15.6,10.8,13.4,21,214,,,,
2015,CHEVROLET,EQUINOX,VUS - PETIT,3.6,6,A6,X,14.2,9.5,12.1,23,278,,,,
2015,CHEVROLET,EQUINOX AWD,VUS - PETIT,2.4,4,A6,X,11.5,8.2,10.0,28,230,,,,
2015,CHEVROLET,EQUINOX AWD FFV,VUS - PETIT,2.4,4,A6,X,11.5,8.2,10.0,28,230,,,,
2015,CHEVROLET,EQUINOX AWD FFV,VUS - PETIT,2.4,4,A6,E,16.3,11.6,14.2,20,227,,,,
2015,CHEVROLET,EQUINOX AWD,VUS - PETIT,3.6,6,A6,X,14.8,9.9,12.6,22,290,,,,
2015,CHEVROLET,EXPRESS 2500 PASSENGER,FOURGON - PASSAGER,4.8,8,A6,X,21.0,14.2,18.0,16,414,,,,
2015,CHEVROLET,EXPRESS 2500 PASSENGER,FOURGON - PASSAGER,6.0,8,A6,X,22.0,14.9,18.8,15,432,,,,
2015,CHEVROLET,EXPRESS 2500 PASSENGER FFV,FOURGON - PASSAGER,6.0,8,A6,X,22.0,14.9,18.8,15,432,,,,
2015,CHEVROLET,EXPRESS 2500 PASSENGER FFV,FOURGON - PASSAGER,6.0,8,A6,E,30.3,20.5,25.9,11,414,,,,
2015,CHEVROLET,EXPRESS 3500 PASSENGER,FOURGON - PASSAGER,4.8,8,A6,X,21.3,14.3,18.1,16,416,,,,
2015,CHEVROLET,EXPRESS 3500 PASSENGER,FOURGON - PASSAGER,6.0,8,A6,X,22.2,15.1,19.0,15,437,,,,
2015,CHEVROLET,EXPRESS 3500 PASSENGER FFV,FOURGON - PASSAGER,6.0,8,A6,X,22.2,15.1,19.0,15,437,,,,
2015,CHEVROLET,EXPRESS 3500 PASSENGER FFV,FOURGON - PASSAGER,6.0,8,A6,E,30.6,20.6,26.1,11,418,,,,
2015,CHEVROLET,IMPALA,GRANDE BERLINE,2.5,4,AS6,X,10.6,7.5,9.2,31,212,,,,
2015,CHEVROLET,IMPALA,GRANDE BERLINE,3.6,6,AS6,X,12.5,8.2,10.6,27,244,,,,
2015,CHEVROLET,IMPALA,GRANDE BERLINE,3.6,6,AS6,E,17.0,11.5,14.5,19,232,,,,
2015,CHEVROLET,MALIBU,INTERMÉDIAIRE,2.0,4,AS6,Z,11.4,7.9,9.8,29,225,,,,
2015,CHEVROLET,MALIBU,INTERMÉDIAIRE,2.5,4,AS6,X,9.3,6.4,8.0,35,184,,,,
2015,CHEVROLET,SILVERADO,CAMIONNETTE - ORDINAIRE,4.3,6,A6,X,13.4,9.9,11.9,24,274,,,,
2015,CHEVROLET,SILVERADO,CAMIONNETTE - ORDINAIRE,4.3,6,A6,E,19.3,14.3,17.1,17,274,,,,
2015,CHEVROLET,SILVERADO,CAMIONNETTE - ORDINAIRE,5.3,8,A6,X,14.6,10.3,12.7,22,292,,,,
2015,CHEVROLET,SILVERADO,CAMIONNETTE - ORDINAIRE,5.3,8,A6,E,19.9,13.8,17.2,16,275,,,,
2015,CHEVROLET,SILVERADO,CAMIONNETTE - ORDINAIRE,6.2,8,A8,Z,16.1,11.4,14.0,20,322,,,,
2015,CHEVROLET,SILVERADO 4WD,CAMIONNETTE - ORDINAIRE,4.3,6,A6,X,14.1,10.6,12.5,23,288,,,,
2015,CHEVROLET,SILVERADO 4WD,CAMIONNETTE - ORDINAIRE,4.3,6,A6,E,20.3,15.2,18.0,16,288,,,,
2015,CHEVROLET,SILVERADO 4WD,CAMIONNETTE - ORDINAIRE,5.3,8,A6,X,14.9,10.7,13.0,22,299,,,,
2015,CHEVROLET,SILVERADO 4WD,CAMIONNETTE - ORDINAIRE,5.3,8,A6,E,20.2,14.3,17.5,16,280,,,,
2015,CHEVROLET,SILVERADO 4WD,CAMIONNETTE - ORDINAIRE,6.2,8,A8,Z,16.3,11.6,14.2,20,327,,,,
2015,CHEVROLET,SONIC,COMPACTE,1.4,4,AS6,X,9.0,6.8,8.0,35,184,,,,
2015,CHEVROLET,SONIC,COMPACTE,1.4,4,M6,X,8.5,6.2,7.5,38,173,,,,
2015,CHEVROLET,SONIC,COMPACTE,1.8,4,AS6,X,9.6,6.7,8.3,34,191,,,,
2015,CHEVROLET,SONIC,COMPACTE,1.8,4,M5,X,9.0,6.8,8.0,35,184,,,,
2015,CHEVROLET,SONIC RS,COMPACTE,1.4,4,AS6,X,9.4,7.0,8.3,34,191,,,,
2015,CHEVROLET,SONIC RS,COMPACTE,1.4,4,M6,X,8.9,6.9,8.0,35,184,,,,
2015,CHEVROLET,SONIC 5,INTERMÉDIAIRE,1.4,4,AS6,X,9.0,6.8,8.0,35,184,,,,
2015,CHEVROLET,SONIC 5,INTERMÉDIAIRE,1.4,4,M6,X,8.5,6.2,7.5,38,173,,,,
2015,CHEVROLET,SONIC 5,INTERMÉDIAIRE,1.8,4,AS6,X,9.6,6.7,8.3,34,191,,,,
2015,CHEVROLET,SONIC 5,INTERMÉDIAIRE,1.8,4,M5,X,9.0,6.8,8.0,35,184,,,,
2015,CHEVROLET,SONIC 5 RS,INTERMÉDIAIRE,1.4,4,AS6,X,9.4,7.0,8.3,34,191,,,,
2015,CHEVROLET,SONIC 5 RS,INTERMÉDIAIRE,1.4,4,M6,X,8.9,6.9,8.0,35,184,,,,
2015,CHEVROLET,SPARK,SOUS-COMPACTE,1.2,4,AV,X,7.7,6.1,7.0,40,161,,,,
2015,CHEVROLET,SPARK,SOUS-COMPACTE,1.2,4,M5,X,7.5,6.0,6.8,42,156,,,,
2015,CHEVROLET,SUBURBAN,VUS - ORDINAIRE,5.3,8,A6,X,14.9,10.1,12.7,22,292,,,,
2015,CHEVROLET,SUBURBAN,VUS - ORDINAIRE,5.3,8,A6,E,20.2,13.6,17.2,16,275,,,,
2015,CHEVROLET,SUBURBAN 4WD,VUS - ORDINAIRE,5.3,8,A6,X,15.4,10.8,13.3,21,306,,,,
2015,CHEVROLET,SUBURBAN 4WD,VUS - ORDINAIRE,5.3,8,A6,E,22.1,15.4,19.1,15,306,,,,
2015,CHEVROLET,TAHOE,VUS - ORDINAIRE,5.3,8,A6,X,14.9,10.1,12.7,22,292,,,,
2015,CHEVROLET,TAHOE,VUS - ORDINAIRE,5.3,8,A6,E,20.2,13.6,17.2,16,275,,,,
2015,CHEVROLET,TAHOE 4WD,VUS - ORDINAIRE,5.3,8,A6,X,15.1,10.4,13.0,22,299,,,,
2015,CHEVROLET,TAHOE 4WD,VUS - ORDINAIRE,5.3,8,A6,E,20.5,14.0,17.6,16,282,,,,
2015,CHEVROLET,TRAVERSE,VUS - ORDINAIRE,3.6,6,A6,X,14.2,9.9,12.3,23,283,,,,
2015,CHEVROLET,TRAVERSE AWD,VUS - ORDINAIRE,3.6,6,A6,X,14.6,10.2,12.6,22,290,,,,
2015,CHEVROLET,TRAX,VUS - PETIT,1.4,4,AS6,X,9.2,7.0,8.2,34,189,,,,
2015,CHEVROLET,TRAX,VUS - PETIT,1.4,4,M6,X,9.1,6.9,8.1,35,186,,,,
2015,CHEVROLET,TRAX AWD,VUS - PETIT,1.4,4,AS6,X,9.7,7.6,8.7,32,200,,,,
2015,CHRYSLER,200,INTERMÉDIAIRE,2.4,4,A9,X,10.2,6.4,8.5,33,196,,,,
2015,CHRYSLER,200 FFV,INTERMÉDIAIRE,2.4,4,A9,X,10.2,6.4,8.5,33,196,,,,
2015,CHRYSLER,200 FFV,INTERMÉDIAIRE,2.4,4,A9,E,13.6,8.5,11.3,25,181,,,,
2015,CHRYSLER,200,INTERMÉDIAIRE,3.6,6,A9,X,12.4,7.5,10.2,28,235,,,,
2015,CHRYSLER,200 FFV,INTERMÉDIAIRE,3.6,6,A9,X,12.4,7.5,10.2,28,235,,,,
2015,CHRYSLER,200 FFV,INTERMÉDIAIRE,3.6,6,A9,E,16.5,10.1,13.6,21,218,,,,
2015,CHRYSLER,200 AWD,INTERMÉDIAIRE,3.6,6,A9,X,12.8,8.1,10.7,26,246,,,,
2015,CHRYSLER,200 AWD FFV,INTERMÉDIAIRE,3.6,6,A9,X,12.8,8.1,10.7,26,246,,,,
2015,CHRYSLER,200 AWD FFV,INTERMÉDIAIRE,3.6,6,A9,E,16.9,10.8,14.1,20,226,,,,
2015,CHRYSLER,300,GRANDE BERLINE,3.6,6,A8,X,12.4,7.7,10.3,27,237,,,,
2015,CHRYSLER,300 FFV,GRANDE BERLINE,3.6,6,A8,X,12.4,7.7,10.3,27,237,,,,
2015,CHRYSLER,300 FFV,GRANDE BERLINE,3.6,6,A8,E,16.8,10.3,13.9,20,222,,,,
2015,CHRYSLER,300 (MDS),GRANDE BERLINE,5.7,8,A8,X,14.8,9.3,12.3,23,283,,,,
2015,CHRYSLER,300 AWD,GRANDE BERLINE,3.6,6,A8,X,12.8,8.6,10.9,26,251,,,,
2015,CHRYSLER,300 AWD FFV,GRANDE BERLINE,3.6,6,A8,X,12.8,8.6,10.9,26,251,,,,
2015,CHRYSLER,300 AWD FFV,GRANDE BERLINE,3.6,6,A8,E,17.3,11.7,14.8,19,237,,,,
2015,CHRYSLER,TOWN & COUNTRY FFV,FOURGONNETTE,3.6,6,A6,X,14.1,9.5,12.0,24,276,,,,
2015,CHRYSLER,TOWN & COUNTRY FFV,FOURGONNETTE,3.6,6,A6,E,19.7,13.3,16.8,17,269,,,,
2015,DODGE,CHALLENGER,INTERMÉDIAIRE,3.6,6,A8,X,12.4,7.8,10.3,27,237,,,,
2015,DODGE,CHALLENGER,INTERMÉDIAIRE,5.7,8,M6,X,15.6,10.0,13.1,22,301,,,,
2015,DODGE,CHALLENGER,INTERMÉDIAIRE,6.4,8,M6,Z,16.8,10.4,13.9,20,320,,,,
2015,DODGE,CHALLENGER (MDS),INTERMÉDIAIRE,5.7,8,A8,X,14.8,9.3,12.3,23,283,,,,
2015,DODGE,CHALLENGER (MDS),INTERMÉDIAIRE,6.4,8,A8,Z,15.7,9.5,12.9,22,297,,,,
2015,DODGE,CHALLENGER SRT,INTERMÉDIAIRE,6.4,8,M6,Z,16.8,10.4,13.9,20,320,,,,
2015,DODGE,CHALLENGER SRT (MDS),INTERMÉDIAIRE,6.4,8,A8,Z,15.7,9.5,12.9,22,297,,,,
2015,DODGE,CHALLENGER SRT HELLCAT,INTERMÉDIAIRE,6.2,8,A8,Z,18.0,10.7,14.7,19,338,,,,
2015,DODGE,CHALLENGER SRT HELLCAT,INTERMÉDIAIRE,6.2,8,M6,Z,18.1,11.4,15.1,19,347,,,,
2015,DODGE,CHARGER,GRANDE BERLINE,3.6,6,A5,X,13.7,8.9,11.5,25,264,,,,
2015,DODGE,CHARGER FFV,GRANDE BERLINE,3.6,6,A5,X,13.7,8.9,11.5,25,264,,,,
2015,DODGE,CHARGER FFV,GRANDE BERLINE,3.6,6,A5,E,18.7,12.4,15.9,18,254,,,,
2015,DODGE,CHARGER,GRANDE BERLINE,3.6,6,A8,X,12.4,7.7,10.3,27,237,,,,
2015,DODGE,CHARGER FFV,GRANDE BERLINE,3.6,6,A8,X,12.4,7.7,10.3,27,237,,,,
2015,DODGE,CHARGER FFV,GRANDE BERLINE,3.6,6,A8,E,16.8,10.3,13.9,20,222,,,,
2015,DODGE,CHARGER (MDS),GRANDE BERLINE,5.7,8,A5,X,15.7,9.6,12.9,22,297,,,,
2015,DODGE,CHARGER (MDS),GRANDE BERLINE,5.7,8,A8,X,14.8,9.3,12.3,23,283,,,,
2015,DODGE,CHARGER AWD,GRANDE BERLINE,3.6,6,A8,X,12.8,8.6,10.9,26,251,,,,
2015,DODGE,CHARGER AWD FFV,GRANDE BERLINE,3.6,6,A8,X,12.8,8.6,10.9,26,251,,,,
2015,DODGE,CHARGER AWD FFV,GRANDE BERLINE,3.6,6,A8,E,17.3,11.7,14.8,19,237,,,,
2015,DODGE,CHARGER AWD (MDS),GRANDE BERLINE,5.7,8,A5,X,16.1,10.0,13.4,21,308,,,,
2015,DODGE,CHARGER SRT 392 HEMI,GRANDE BERLINE,6.4,8,A8,Z,15.7,9.5,12.9,22,297,,,,
2015,DODGE,CHARGER SRT HELLCAT,GRANDE BERLINE,6.2,8,A8,Z,18.0,10.7,14.7,19,338,,,,
2015,DODGE,DART,INTERMÉDIAIRE,2.0,4,M6,X,9.4,6.5,8.1,35,186,,,,
2015,DODGE,DART FFV,INTERMÉDIAIRE,2.0,4,A6,X,9.9,7.0,8.6,33,198,,,,
2015,DODGE,DART FFV,INTERMÉDIAIRE,2.0,4,A6,E,13.3,9.3,11.5,25,184,,,,
2015,DODGE,DART,INTERMÉDIAIRE,2.4,4,A6,X,10.1,6.8,8.6,33,198,,,,
2015,DODGE,DART,INTERMÉDIAIRE,2.4,4,M6,X,10.5,6.7,8.8,32,202,,,,
2015,DODGE,DART GT,INTERMÉDIAIRE,2.4,4,A6,X,10.6,7.5,9.2,31,212,,,,
2015,DODGE,DART GT,INTERMÉDIAIRE,2.4,4,M6,X,10.2,7.0,8.8,32,202,,,,
2015,DODGE,DART TURBO AERO,INTERMÉDIAIRE,1.4,4,AM6,X,8.4,5.9,7.3,39,168,,,,
2015,DODGE,DART TURBO AERO,INTERMÉDIAIRE,1.4,4,M6,X,8.5,5.8,7.3,39,168,,,,
2015,DODGE,DURANGO AWD FFV,VUS - ORDINAIRE,3.6,6,A8,X,13.9,9.8,12.1,23,278,,,,
2015,DODGE,DURANGO AWD FFV,VUS - ORDINAIRE,3.6,6,A8,E,17.7,13.0,15.6,18,250,,,,
2015,DODGE,DURANGO AWD (MDS),VUS - ORDINAIRE,5.7,8,A8,X,17.3,11.5,14.7,19,338,,,,
2015,DODGE,GRAND CARAVAN FFV,FOURGONNETTE,3.6,6,A6,X,13.7,9.4,11.8,24,271,,,,
2015,DODGE,GRAND CARAVAN FFV,FOURGONNETTE,3.6,6,A6,E,19.2,13.1,16.4,17,262,,,,
2015,DODGE,JOURNEY,VUS - PETIT,2.4,4,A4,X,12.7,9.1,11.1,25,255,,,,
2015,DODGE,JOURNEY FFV,VUS - PETIT,3.6,6,A6,X,14.2,9.4,12.1,23,278,,,,
2015,DODGE,JOURNEY FFV,VUS - PETIT,3.6,6,A6,E,18.9,12.9,16.2,17,259,,,,
2015,DODGE,JOURNEY AWD,VUS - PETIT,3.6,6,A6,X,14.5,9.9,12.4,23,285,,,,
2015,DODGE,VIPER SRT COUPE,DEUX PLACES,8.4,10,M6,Z,19.4,11.3,15.8,18,363,,,,
2015,FIAT,500 CABRIO,MINICOMPACTE,1.4,4,A6,X,8.7,6.9,7.9,36,182,,,,
2015,FIAT,500 CABRIO,MINICOMPACTE,1.4,4,M5,X,7.9,6.3,7.2,39,166,,,,
2015,FIAT,500 HATCHBACK,MINICOMPACTE,1.4,4,A6,X,8.7,6.9,7.9,36,182,,,,
2015,FIAT,500 HATCHBACK,MINICOMPACTE,1.4,4,M5,X,7.6,5.9,6.8,42,156,,,,
2015,FIAT,500 HATCHBACK TURBO,MINICOMPACTE,1.4,4,A6,X,9.6,7.3,8.6,33,198,,,,
2015,FIAT,500 HATCHBACK TURBO,MINICOMPACTE,1.4,4,M5,X,8.5,6.9,7.8,36,179,,,,
2015,FIAT,500 ABARTH CABRIO,MINICOMPACTE,1.4,4,A6,X,9.6,7.3,8.6,33,198,,,,
2015,FIAT,500 ABARTH CABRIO,MINICOMPACTE,1.4,4,M5,X,8.5,6.9,7.8,36,179,,,,
2015,FIAT,500 ABARTH HATCHBACK,MINICOMPACTE,1.4,4,A6,X,9.6,7.3,8.6,33,198,,,,
2015,FIAT,500 ABARTH HATCHBACK,MINICOMPACTE,1.4,4,M5,X,8.5,6.9,7.8,36,179,,,,
2015,FIAT,500L,FAMILIALE - PETITE,1.4,4,A6,X,10.6,7.8,9.4,30,216,,,,
2015,FIAT,500L,FAMILIALE - PETITE,1.4,4,AM6,X,9.9,7.2,8.7,32,200,,,,
2015,FIAT,500L,FAMILIALE - PETITE,1.4,4,M6,X,9.3,7.1,8.3,34,191,,,,
2015,FORD,C-MAX HYBRID,GRANDE BERLINE,2.0,4,AV,X,5.6,6.4,6.0,47,138,,,,
2015,FORD,EDGE,VUS - PETIT,2.0,4,AS6,X,11.5,7.8,9.8,29,225,,,,
2015,FORD,EDGE (Start/Stop),VUS - PETIT,2.0,4,AS6,X,11.3,7.9,9.8,29,225,,,,
2015,FORD,EDGE,VUS - PETIT,3.5,6,AS6,X,13.2,9.0,11.3,25,260,,,,
2015,FORD,EDGE AWD,VUS - PETIT,2.0,4,AS6,X,11.8,8.4,10.3,27,237,,,,
2015,FORD,EDGE AWD,VUS - PETIT,3.5,6,AS6,X,13.7,9.6,11.8,24,271,,,,
2015,FORD,EDGE SPORT AWD,VUS - PETIT,2.7,6,AS6,X,13.6,9.8,11.9,24,274,,,,
2015,FORD,ESCAPE,VUS - PETIT,1.6,4,AS6,X,10.4,7.4,9.0,31,207,,,,
2015,FORD,ESCAPE,VUS - PETIT,2.0,4,AS6,X,10.9,8.0,9.6,29,221,,,,
2015,FORD,ESCAPE,VUS - PETIT,2.5,4,AS6,X,10.9,7.6,9.5,30,218,,,,
2015,FORD,ESCAPE AWD,VUS - PETIT,1.6,4,AS6,X,10.6,8.0,9.4,30,216,,,,
2015,FORD,ESCAPE AWD,VUS - PETIT,2.0,4,AS6,X,11.4,8.4,10.1,28,232,,,,
2015,FORD,EXPEDITION 4X4,VUS - ORDINAIRE,3.5,6,AS6,X,16.2,11.8,14.2,20,327,,,,
2015,FORD,EXPEDITION MAX 4X4,VUS - ORDINAIRE,3.5,6,AS6,X,16.4,12.0,14.4,20,331,,,,
2015,FORD,EXPLORER,VUS - ORDINAIRE,2.0,4,A6,X,11.9,8.5,10.4,27,239,,,,
2015,FORD,EXPLORER FFV,VUS - ORDINAIRE,3.5,6,AS6,X,13.7,9.7,11.9,24,274,,,,
2015,FORD,EXPLORER FFV,VUS - ORDINAIRE,3.5,6,AS6,E,18.6,13.0,16.1,18,258,,,,
2015,FORD,EXPLORER AWD (EcoBoost),VUS - ORDINAIRE,3.5,6,AS6,X,14.9,10.7,13.0,22,299,,,,
2015,FORD,EXPLORER FFV AWD,VUS - ORDINAIRE,3.5,6,AS6,X,14.2,10.3,12.5,23,288,,,,
2015,FORD,EXPLORER FFV AWD,VUS - ORDINAIRE,3.5,6,AS6,E,19.2,14.1,16.9,17,270,,,,
2015,FORD,F-150,CAMIONNETTE - ORDINAIRE,2.7,6,AS6,X,12.2,9.2,10.8,26,248,,,,
2015,FORD,F-150,CAMIONNETTE - ORDINAIRE,3.5,6,AS6,X,13.7,9.9,12.0,24,276,,,,
2015,FORD,F-150 FFV,CAMIONNETTE - ORDINAIRE,3.5,6,A6,X,13.2,9.6,11.5,25,264,,,,
2015,FORD,F-150 FFV,CAMIONNETTE - ORDINAIRE,3.5,6,A6,E,17.9,13.0,15.7,18,251,,,,
2015,FORD,F-150 FFV,CAMIONNETTE - ORDINAIRE,5.0,8,AS6,X,15.5,10.6,13.3,21,306,,,,
2015,FORD,F-150 FFV,CAMIONNETTE - ORDINAIRE,5.0,8,AS6,E,20.7,14.3,17.9,16,286,,,,
2015,FORD,F-150 4X4,CAMIONNETTE - ORDINAIRE,2.7,6,AS6,X,13.3,10.4,12.0,24,276,,,,
2015,FORD,F-150 4X4,CAMIONNETTE - ORDINAIRE,3.5,6,AS6,X,14.2,10.4,12.5,23,288,,,,
2015,FORD,F-150 FFV 4X4,CAMIONNETTE - ORDINAIRE,3.5,6,A6,X,13.9,10.5,12.4,23,285,,,,
2015,FORD,F-150 FFV 4X4,CAMIONNETTE - ORDINAIRE,3.5,6,A6,E,18.9,14.2,16.8,17,269,,,,
2015,FORD,F-150 FFV 4X4,CAMIONNETTE - ORDINAIRE,5.0,8,AS6,X,16.0,11.3,13.9,20,320,,,,
2015,FORD,F-150 FFV 4X4,CAMIONNETTE - ORDINAIRE,5.0,8,AS6,E,21.7,15.1,18.7,15,299,,,,
2015,FORD,FIESTA,SOUS-COMPACTE,1.6,4,AS6,X,8.7,6.4,7.6,37,175,,,,
2015,FORD,FIESTA,SOUS-COMPACTE,1.6,4,M5,X,8.5,6.5,7.6,37,175,,,,
2015,FORD,FIESTA SFE,SOUS-COMPACTE,1.0,3,M5,X,7.5,5.5,6.6,43,152,,,,
2015,FORD,FIESTA SFE,SOUS-COMPACTE,1.6,4,AS6,X,8.4,6.2,7.4,38,170,,,,
2015,FORD,FIESTA ST,SOUS-COMPACTE,1.6,4,M6,X,8.9,6.8,8.0,35,184,,,,
2015,FORD,FLEX,VUS - ORDINAIRE,3.5,6,AS6,X,13.3,9.5,11.6,24,267,,,,
2015,FORD,FLEX AWD,VUS - ORDINAIRE,3.5,6,AS6,X,13.7,10.1,12.1,23,278,,,,
2015,FORD,FLEX AWD (EcoBoost),VUS - ORDINAIRE,3.5,6,AS6,X,14.6,10.4,12.8,22,294,,,,
2015,FORD,FOCUS,COMPACTE,1.0,3,M6,X,8.1,5.9,7.1,40,163,,,,
2015,FORD,FOCUS,COMPACTE,2.0,4,M6,X,10.2,7.3,8.9,32,205,,,,
2015,FORD,FOCUS FFV,COMPACTE,2.0,4,AM6,X,8.9,6.2,7.7,37,177,,,,
2015,FORD,FOCUS FFV,COMPACTE,2.0,4,AM6,E,11.9,8.5,10.4,27,166,,,,
2015,FORD,FOCUS FFV,COMPACTE,2.0,4,AS6,X,9.1,6.3,7.8,36,179,,,,
2015,FORD,FOCUS FFV,COMPACTE,2.0,4,AS6,E,12.2,8.6,10.6,27,170,,,,
2015,FORD,FOCUS FFV,COMPACTE,2.0,4,M5,X,9.3,6.7,8.1,35,186,,,,
2015,FORD,FOCUS FFV,COMPACTE,2.0,4,M5,E,12.4,9.1,10.9,26,174,,,,
2015,FORD,FUSION,INTERMÉDIAIRE,1.5,4,AS6,X,9.9,6.5,8.4,34,193,,,,
2015,FORD,FUSION (Start/Stop),INTERMÉDIAIRE,1.5,4,AS6,X,9.4,6.3,8.0,35,184,,,,
2015,FORD,FUSION,INTERMÉDIAIRE,2.0,4,AS6,X,10.5,7.0,8.9,32,205,,,,
2015,FORD,FUSION,INTERMÉDIAIRE,2.5,4,AS6,X,10.6,7.0,8.9,32,205,,,,
2015,FORD,FUSION AWD,INTERMÉDIAIRE,2.0,4,AS6,X,10.8,7.5,9.3,30,214,,,,
2015,FORD,FUSION HYBRID,INTERMÉDIAIRE,2.0,4,AV,X,5.4,5.8,5.5,51,126,,,,
2015,FORD,MUSTANG,SOUS-COMPACTE,2.3,4,AS6,X,11.0,7.4,9.4,30,216,,,,
2015,FORD,MUSTANG,SOUS-COMPACTE,2.3,4,M6,X,10.6,7.5,9.2,31,212,,,,
2015,FORD,MUSTANG,SOUS-COMPACTE,3.7,6,AS6,X,12.6,8.5,10.7,26,246,,,,
2015,FORD,MUSTANG,SOUS-COMPACTE,3.7,6,M6,X,13.5,8.3,11.2,25,258,,,,
2015,FORD,MUSTANG,SOUS-COMPACTE,5.0,8,AS6,X,14.9,9.5,12.4,23,285,,,,
2015,FORD,MUSTANG,SOUS-COMPACTE,5.0,8,M6,X,15.2,9.3,12.5,23,288,,,,
2015,FORD,MUSTANG CONVERTIBLE,SOUS-COMPACTE,2.3,4,AS6,X,11.6,7.9,9.9,29,228,,,,
2015,FORD,MUSTANG CONVERTIBLE,SOUS-COMPACTE,5.0,8,AS6,X,15.4,10.0,13.0,22,299,,,,
2015,FORD,T-150 WAGON,FOURGON - PASSAGER,3.5,6,AS6,X,16.6,12.5,14.7,19,338,,,,
2015,FORD,T-150 WAGON FFV,FOURGON - PASSAGER,3.7,6,AS6,X,16.6,12.6,14.8,19,340,,,,
2015,FORD,T-150 WAGON FFV,FOURGON - PASSAGER,3.7,6,AS6,E,22.1,16.7,19.7,14,315,,,,
2015,FORD,TAURUS,GRANDE BERLINE,2.0,4,AS6,X,10.5,7.4,9.1,31,209,,,,
2015,FORD,TAURUS AWD,GRANDE BERLINE,3.5,6,AS6,X,13.9,9.5,11.9,24,274,,,,
2015,FORD,TAURUS FFV,GRANDE BERLINE,3.5,6,AS6,X,12.2,8.2,10.4,27,239,,,,
2015,FORD,TAURUS FFV,GRANDE BERLINE,3.5,6,AS6,E,17.4,11.3,14.7,19,235,,,,
2015,FORD,TAURUS FFV AWD,GRANDE BERLINE,3.5,6,AS6,X,13.0,9.1,11.3,25,260,,,,
2015,FORD,TAURUS FFV AWD,GRANDE BERLINE,3.5,6,AS6,E,18.8,12.6,16.0,18,256,,,,
2015,FORD,TRANSIT CONNECT VAN,VÉHICULE À USAGE SPÉCIAL,1.6,4,AS6,X,10.6,7.9,9.4,30,216,,,,
2015,FORD,TRANSIT CONNECT VAN,VÉHICULE À USAGE SPÉCIAL,2.5,4,AS6,X,11.3,8.2,9.9,29,228,,,,
2015,FORD,TRANSIT CONNECT WAGON,VÉHICULE À USAGE SPÉCIAL,2.5,4,AS6,X,11.7,8.4,10.2,28,235,,,,
2015,FORD,TRANSIT CONNECT WAGON TAXI,VÉHICULE À USAGE SPÉCIAL,2.5,4,AS6,X,12.0,8.5,10.4,27,239,,,,
2015,GMC,ACADIA,VUS - ORDINAIRE,3.6,6,A6,X,14.2,9.9,12.3,23,283,,,,
2015,GMC,ACADIA AWD,VUS - ORDINAIRE,3.6,6,A6,X,14.6,10.2,12.6,22,290,,,,
2015,GMC,CANYON,CAMIONNETTE - PETITE,2.5,4,A6,X,11.9,8.8,10.5,27,242,,,,
2015,GMC,CANYON,CAMIONNETTE - PETITE,2.5,4,M6,X,12.2,9.1,10.8,26,248,,,,
2015,GMC,CANYON,CAMIONNETTE - PETITE,3.6,6,A6,X,13.0,9.2,11.3,25,260,,,,
2015,GMC,CANYON 4WD,CAMIONNETTE - PETITE,2.5,4,A6,X,12.7,9.5,11.3,25,260,,,,
2015,GMC,CANYON 4WD,CAMIONNETTE - PETITE,3.6,6,A6,X,13.5,9.8,11.8,24,271,,,,
2015,GMC,SAVANA 2500 PASSENGER,FOURGON - PASSAGER,4.8,8,A6,X,21.0,14.2,18.0,16,414,,,,
2015,GMC,SAVANA 2500 PASSENGER,FOURGON - PASSAGER,6.0,8,A6,X,22.0,14.9,18.8,15,432,,,,
2015,GMC,SAVANA 2500 PASSENGER FFV,FOURGON - PASSAGER,6.0,8,A6,X,22.0,14.9,18.8,15,432,,,,
2015,GMC,SAVANA 2500 PASSENGER FFV,FOURGON - PASSAGER,6.0,8,A6,E,30.3,20.5,25.9,11,414,,,,
2015,GMC,SAVANA 3500 PASSENGER,FOURGON - PASSAGER,4.8,8,A6,X,21.3,14.3,18.1,16,416,,,,
2015,GMC,SAVANA 3500 PASSENGER,FOURGON - PASSAGER,6.0,8,A6,X,22.2,15.1,19.0,15,437,,,,
2015,GMC,SAVANA 3500 PASSENGER FFV,FOURGON - PASSAGER,6.0,8,A6,X,22.2,15.1,19.0,15,437,,,,
2015,GMC,SAVANA 3500 PASSENGER FFV,FOURGON - PASSAGER,6.0,8,A6,E,30.6,20.6,26.1,11,418,,,,
2015,GMC,SIERRA,CAMIONNETTE - ORDINAIRE,4.3,6,A6,X,13.4,9.9,11.9,24,274,,,,
2015,GMC,SIERRA,CAMIONNETTE - ORDINAIRE,4.3,6,A6,E,19.3,14.3,17.1,17,274,,,,
2015,GMC,SIERRA,CAMIONNETTE - ORDINAIRE,5.3,8,A6,X,14.6,10.3,12.7,22,292,,,,
2015,GMC,SIERRA,CAMIONNETTE - ORDINAIRE,5.3,8,A6,E,19.9,13.8,17.2,16,275,,,,
2015,GMC,SIERRA,CAMIONNETTE - ORDINAIRE,6.2,8,A8,Z,16.1,11.4,14.0,20,322,,,,
2015,GMC,SIERRA 4WD,CAMIONNETTE - ORDINAIRE,4.3,6,A6,X,14.1,10.6,12.5,23,288,,,,
2015,GMC,SIERRA 4WD,CAMIONNETTE - ORDINAIRE,4.3,6,A6,E,20.3,15.2,18.0,16,288,,,,
2015,GMC,SIERRA 4WD,CAMIONNETTE - ORDINAIRE,5.3,8,A6,X,14.9,10.7,13.0,22,299,,,,
2015,GMC,SIERRA 4WD,CAMIONNETTE - ORDINAIRE,5.3,8,A6,E,20.2,14.3,17.5,16,280,,,,
2015,GMC,SIERRA 4WD,CAMIONNETTE - ORDINAIRE,6.2,8,A8,Z,16.3,11.6,14.2,20,327,,,,
2015,GMC,TERRAIN,VUS - PETIT,2.4,4,A6,X,10.5,7.3,9.1,31,209,,,,
2015,GMC,TERRAIN FFV,VUS - PETIT,2.4,4,A6,X,10.5,7.3,9.1,31,209,,,,
2015,GMC,TERRAIN FFV,VUS - PETIT,2.4,4,A6,E,15.6,10.8,13.4,21,214,,,,
2015,GMC,TERRAIN,VUS - PETIT,3.6,6,A6,X,14.2,9.5,12.1,23,278,,,,
2015,GMC,TERRAIN AWD,VUS - PETIT,2.4,4,A6,X,11.5,8.2,10.0,28,230,,,,
2015,GMC,TERRAIN AWD,VUS - PETIT,3.6,6,A6,X,14.8,9.9,12.6,22,290,,,,
2015,GMC,YUKON,VUS - ORDINAIRE,5.3,8,A6,X,14.9,10.1,12.7,22,292,,,,
2015,GMC,YUKON,VUS - ORDINAIRE,5.3,8,A6,E,20.2,13.6,17.2,16,275,,,,
2015,GMC,YUKON 4WD,VUS - ORDINAIRE,5.3,8,A6,X,15.1,10.4,13.0,22,299,,,,
2015,GMC,YUKON 4WD,VUS - ORDINAIRE,5.3,8,A6,E,20.5,14.0,17.6,16,282,,,,
2015,GMC,YUKON DENALI 4WD,VUS - ORDINAIRE,6.2,8,A6,Z,16.2,11.4,14.0,20,322,,,,
2015,GMC,YUKON DENALI 4WD,VUS - ORDINAIRE,6.2,8,A8,Z,15.9,11.1,13.8,20,317,,,,
2015,GMC,YUKON XL,VUS - ORDINAIRE,5.3,8,A6,X,14.9,10.1,12.7,22,292,,,,
2015,GMC,YUKON XL,VUS - ORDINAIRE,5.3,8,A6,E,20.2,13.6,17.2,16,275,,,,
2015,GMC,YUKON XL 4WD,VUS - ORDINAIRE,5.3,8,A6,X,15.4,10.8,13.3,21,306,,,,
2015,GMC,YUKON XL 4WD,VUS - ORDINAIRE,5.3,8,A6,E,22.1,15.4,19.1,15,306,,,,
2015,GMC,YUKON XL DENALI 4WD,VUS - ORDINAIRE,6.2,8,A6,Z,16.8,11.7,14.5,19,334,,,,
2015,GMC,YUKON XL DENALI 4WD,VUS - ORDINAIRE,6.2,8,A8,Z,16.4,11.7,14.3,20,329,,,,
2015,HONDA,ACCORD,INTERMÉDIAIRE,2.4,4,AV,X,8.8,6.5,7.8,36,179,,,,
2015,HONDA,ACCORD,INTERMÉDIAIRE,2.4,4,AV7,X,9.0,6.7,8.0,35,184,,,,
2015,HONDA,ACCORD,INTERMÉDIAIRE,2.4,4,M6,X,10.1,6.9,8.7,32,200,,,,
2015,HONDA,ACCORD,INTERMÉDIAIRE,3.5,6,A6,X,11.0,6.8,9.1,31,209,,,,
2015,HONDA,ACCORD,INTERMÉDIAIRE,3.5,6,AS6,X,11.4,7.3,9.5,30,219,,,,
2015,HONDA,ACCORD,INTERMÉDIAIRE,3.5,6,M6,X,13.0,8.4,10.9,26,251,,,,
2015,HONDA,ACCORD HYBRID,INTERMÉDIAIRE,2.0,4,AV,X,4.7,5.3,5.0,56,115,,,,
2015,HONDA,CIVIC,COMPACTE,1.8,4,AV,X,7.9,6.1,7.1,40,163,,,,
2015,HONDA,CIVIC,COMPACTE,1.8,4,AV7,X,8.1,6.2,7.2,39,166,,,,
2015,HONDA,CIVIC,COMPACTE,1.8,4,M5,X,8.6,6.6,7.7,37,177,,,,
2015,HONDA,CIVIC Si,COMPACTE,2.4,4,M6,Z,10.8,7.6,9.4,30,216,,,,
2015,HONDA,CIVIC HYBRID,COMPACTE,1.5,4,AV,X,5.3,5.0,5.2,54,120,,,,
2015,HONDA,CR-V,VUS - PETIT,2.4,4,AV,X,8.6,6.9,7.8,36,179,,,,
2015,HONDA,CR-V AWD,VUS - PETIT,2.4,4,AV,X,9.1,7.2,8.3,34,191,,,,
2015,HONDA,CR-Z,DEUX PLACES,1.5,4,AV7,X,6.6,6.0,6.3,45,145,,,,
2015,HONDA,CR-Z,DEUX PLACES,1.5,4,M6,X,7.6,6.1,6.9,41,159,,,,
2015,HONDA,FIT,FAMILIALE - PETITE,1.5,4,AV,X,7.0,5.7,6.4,44,147,,,,
2015,HONDA,FIT,FAMILIALE - PETITE,1.5,4,AV7,X,7.3,6.1,6.8,42,156,,,,
2015,HONDA,FIT,FAMILIALE - PETITE,1.5,4,M6,X,8.1,6.4,7.3,39,168,,,,
2015,HONDA,ODYSSEY,FOURGONNETTE,3.5,6,A6,X,12.3,8.5,10.6,27,244,,,,
2015,HONDA,PILOT,VUS - PETIT,3.5,6,A5,X,13.3,9.3,11.5,25,264,,,,
2015,HONDA,PILOT 4WD,VUS - PETIT,3.5,6,A5,X,13.8,9.7,12.0,24,276,,,,
2015,HYUNDAI,ACCENT,COMPACTE,1.6,4,AS6,X,8.9,6.3,7.7,37,177,,,,
2015,HYUNDAI,ACCENT,COMPACTE,1.6,4,M6,X,8.7,6.3,7.6,37,175,,,,
2015,HYUNDAI,ELANTRA,INTERMÉDIAIRE,1.8,4,AS6,X,8.5,6.3,7.5,38,172,,,,
2015,HYUNDAI,ELANTRA,INTERMÉDIAIRE,1.8,4,M6,X,8.8,6.4,7.7,37,177,,,,
2015,HYUNDAI,ELANTRA,INTERMÉDIAIRE,2.0,4,AS6,X,9.7,6.7,8.3,34,191,,,,
2015,HYUNDAI,ELANTRA,INTERMÉDIAIRE,2.0,4,M6,X,9.8,7.0,8.5,33,196,,,,
2015,HYUNDAI,ELANTRA COUPE,INTERMÉDIAIRE,2.0,4,AS6,X,9.6,6.8,8.3,34,191,,,,
2015,HYUNDAI,ELANTRA COUPE,INTERMÉDIAIRE,2.0,4,M6,X,9.7,6.7,8.3,34,191,,,,
2015,HYUNDAI,ELANTRA GT,INTERMÉDIAIRE,2.0,4,AS6,X,9.7,7.2,8.6,33,198,,,,
2015,HYUNDAI,ELANTRA GT,INTERMÉDIAIRE,2.0,4,M6,X,9.8,6.9,8.5,33,196,,,,
2015,HYUNDAI,EQUUS,GRANDE BERLINE,5.0,8,AS8,Z,15.8,10.2,13.3,21,306,,,,
2015,HYUNDAI,GENESIS AWD,GRANDE BERLINE,3.8,6,AS8,X,14.4,9.4,12.1,23,278,,,,
2015,HYUNDAI,GENESIS AWD,GRANDE BERLINE,5.0,8,AS8,Z,17.3,10.5,14.2,20,327,,,,
2015,HYUNDAI,GENESIS COUPE,SOUS-COMPACTE,3.8,6,AS8,Z,14.6,9.6,12.3,23,283,,,,
2015,HYUNDAI,GENESIS COUPE,SOUS-COMPACTE,3.8,6,M6,Z,14.4,9.9,12.4,23,285,,,,
2015,HYUNDAI,SANTA FE,VUS - PETIT,3.3,6,AS6,X,12.9,9.4,11.3,25,260,,,,
2015,HYUNDAI,SANTA FE AWD,VUS - PETIT,3.3,6,AS6,X,13.0,9.7,11.5,25,264,,,,
2015,HYUNDAI,SANTA FE SPORT,VUS - PETIT,2.4,4,AS6,X,11.7,8.7,10.3,27,237,,,,
2015,HYUNDAI,SANTA FE SPORT AWD,VUS - PETIT,2.0,4,AS6,X,12.9,9.8,11.5,25,264,,,,
2015,HYUNDAI,SANTA FE SPORT AWD,VUS - PETIT,2.4,4,AS6,X,12.5,9.3,11.1,25,255,,,,
2015,HYUNDAI,SANTA FE ULTIMATE AWD,VUS - PETIT,3.3,6,AS6,X,13.9,10.8,12.5,23,287,,,,
2015,HYUNDAI,SONATA,GRANDE BERLINE,2.0,4,AS6,X,10.4,7.4,9.1,31,209,,,,
2015,HYUNDAI,SONATA,GRANDE BERLINE,2.4,4,AS6,X,9.8,6.7,8.4,34,193,,,,
2015,HYUNDAI,SONATA SPORT/LIMITED,GRANDE BERLINE,2.4,4,AS6,X,9.8,6.7,8.4,34,193,,,,
2015,HYUNDAI,SONATA HYBRID,INTERMÉDIAIRE,2.4,4,AS6,X,6.6,5.9,6.3,45,145,,,,
2015,HYUNDAI,SONATA HYBRID LIMITED,INTERMÉDIAIRE,2.4,4,AS6,X,6.6,5.9,6.3,45,145,,,,
2015,HYUNDAI,TUCSON,VUS - PETIT,2.0,4,AS6,X,10.2,8.2,9.3,30,214,,,,
2015,HYUNDAI,TUCSON,VUS - PETIT,2.0,4,M6,X,11.4,8.5,10.1,28,232,,,,
2015,HYUNDAI,TUCSON,VUS - PETIT,2.4,4,AS6,X,11.3,8.3,10.0,28,230,,,,
2015,HYUNDAI,TUCSON AWD,VUS - PETIT,2.0,4,AS6,X,11.4,9.3,10.4,27,239,,,,
2015,HYUNDAI,TUCSON AWD,VUS - PETIT,2.4,4,AS6,X,11.6,9.3,10.6,27,244,,,,
2015,HYUNDAI,VELOSTER,COMPACTE,1.6,4,AM6,X,8.6,6.6,7.7,37,177,,,,
2015,HYUNDAI,VELOSTER,COMPACTE,1.6,4,M6,X,9.0,6.7,8.0,35,184,,,,
2015,HYUNDAI,VELOSTER TURBO,COMPACTE,1.6,4,AS6,X,9.9,7.6,8.8,32,202,,,,
2015,HYUNDAI,VELOSTER TURBO,COMPACTE,1.6,4,M6,X,9.7,7.0,8.5,33,196,,,,
2015,INFINITI,Q50,INTERMÉDIAIRE,3.7,6,AS7,Z,12.0,8.1,10.3,27,237,,,,
2015,INFINITI,Q50 AWD,INTERMÉDIAIRE,3.7,6,AS7,Z,12.5,8.7,10.8,26,248,,,,
2015,INFINITI,Q50 HYBRID,COMPACTE,3.5,6,AS7,Z,8.2,6.7,7.5,38,172,,,,
2015,INFINITI,Q50 HYBRID AWD,COMPACTE,3.5,6,AS7,Z,8.7,7.5,8.2,34,189,,,,
2015,INFINITI,Q60,SOUS-COMPACTE,3.7,6,AS7,Z,12.4,8.7,10.7,26,246,,,,
2015,INFINITI,Q60,SOUS-COMPACTE,3.7,6,M6,Z,13.6,9.3,11.6,24,267,,,,
2015,INFINITI,Q60 AWD,SOUS-COMPACTE,3.7,6,AS7,Z,13.3,9.4,11.5,25,264,,,,
2015,INFINITI,Q60 CONVERTIBLE,SOUS-COMPACTE,3.7,6,AS7,Z,13.6,9.3,11.7,24,269,,,,
2015,INFINITI,Q60 CONVERTIBLE,SOUS-COMPACTE,3.7,6,M6,Z,14.3,9.8,12.3,23,283,,,,
2015,INFINITI,Q70,INTERMÉDIAIRE,3.7,6,AS7,Z,12.8,8.9,11.0,26,253,,,,
2015,INFINITI,Q70,INTERMÉDIAIRE,5.6,8,AS7,Z,14.8,9.5,12.4,23,285,,,,
2015,INFINITI,Q70 AWD,INTERMÉDIAIRE,3.7,6,AS7,Z,13.2,9.6,11.6,24,267,,,,
2015,INFINITI,Q70 AWD,INTERMÉDIAIRE,5.6,8,AS7,Z,15.0,10.2,12.9,22,297,,,,
2015,INFINITI,Q70 HYBRID,INTERMÉDIAIRE,3.5,6,AS7,Z,8.0,6.9,7.5,38,172,,,,
2015,INFINITI,QX50 AWD,FAMILIALE - PETITE,3.7,6,AS7,Z,13.7,9.7,11.9,24,274,,,,
2015,INFINITI,QX60,VUS - PETIT,3.5,6,AV7,Z,11.4,8.5,10.1,28,232,,,,
2015,INFINITI,QX60 AWD,VUS - PETIT,3.5,6,AV7,Z,12.2,8.9,10.7,26,246,,,,
2015,INFINITI,QX60 HYBRID AWD,VUS - ORDINAIRE,2.5,4,AV7,X,8.9,8.4,8.7,32,200,,,,
2015,INFINITI,QX70 AWD,VUS - PETIT,3.7,6,AS7,Z,14.6,10.7,12.8,22,294,,,,
2015,INFINITI,QX80 4WD,VUS - ORDINAIRE,5.6,8,AS7,Z,16.9,11.9,14.7,19,338,,,,
2015,JAGUAR,F-TYPE CONVERTIBLE,DEUX PLACES,3.0,6,AS8,Z,11.8,8.4,10.3,27,237,,,,
2015,JAGUAR,F-TYPE COUPE,DEUX PLACES,3.0,6,AS8,Z,11.8,8.4,10.3,27,237,,,,
2015,JAGUAR,F-TYPE S CONVERTIBLE,DEUX PLACES,3.0,6,AS8,Z,12.2,8.7,10.6,27,244,,,,
2015,JAGUAR,F-TYPE S COUPE,DEUX PLACES,3.0,6,AS8,Z,12.2,8.7,10.6,27,244,,,,
2015,JAGUAR,F-TYPE V8 R COUPE,DEUX PLACES,5.0,8,AS8,Z,15.0,10.2,12.8,22,294,,,,
2015,JAGUAR,F-TYPE V8 S CONVERTIBLE,DEUX PLACES,5.0,8,AS8,Z,15.0,10.2,12.8,22,294,,,,
2015,JAGUAR,XF,INTERMÉDIAIRE,2.0,4,AS8,Z,12.3,8.2,10.5,27,242,,,,
2015,JAGUAR,XF AWD,INTERMÉDIAIRE,3.0,6,AS8,Z,13.9,8.8,11.6,24,267,,,,
2015,JAGUAR,XFR,INTERMÉDIAIRE,5.0,8,AS8,Z,15.7,10.3,13.2,21,304,,,,
2015,JAGUAR,XFR,INTERMÉDIAIRE,5.0,8,AS8,E,21.3,14.1,18.1,16,290,,,,
2015,JAGUAR,XFR-S,INTERMÉDIAIRE,5.0,8,AS8,Z,15.7,10.3,13.2,21,304,,,,
2015,JAGUAR,XJ AWD,GRANDE BERLINE,3.0,6,AS8,Z,14.6,9.6,12.4,23,285,,,,
2015,JAGUAR,XJ SUPERCHARGED,GRANDE BERLINE,5.0,8,AS8,Z,15.8,10.2,13.3,21,306,,,,
2015,JAGUAR,XJ SUPERCHARGED,GRANDE BERLINE,5.0,8,AS8,E,20.6,13.6,17.5,16,280,,,,
2015,JAGUAR,XJL AWD PORTFOLIO,GRANDE BERLINE,3.0,6,AS8,Z,14.7,9.6,12.5,23,288,,,,
2015,JAGUAR,XJL SUPERCHARGED,GRANDE BERLINE,5.0,8,AS8,Z,15.8,10.2,13.3,21,306,,,,
2015,JAGUAR,XJL SUPERCHARGED,GRANDE BERLINE,5.0,8,AS8,E,20.6,13.6,17.5,16,280,,,,
2015,JAGUAR,XJR,GRANDE BERLINE,5.0,8,AS8,Z,15.8,10.2,13.3,21,306,,,,
2015,JAGUAR,XJR LWB,GRANDE BERLINE,5.0,8,AS8,Z,15.8,10.2,13.3,21,306,,,,
2015,JAGUAR,XKR CONVERTIBLE,MINICOMPACTE,5.0,8,AS6,Z,15.9,10.9,13.6,21,313,,,,
2015,JAGUAR,XKR COUPE,MINICOMPACTE,5.0,8,AS6,Z,15.6,10.9,13.4,21,308,,,,
2015,JAGUAR,XKR-S CONVERTIBLE,MINICOMPACTE,5.0,8,AS6,Z,15.9,10.9,13.6,21,313,,,,
2015,JAGUAR,XKR-S COUPE,MINICOMPACTE,5.0,8,AS6,Z,15.6,10.9,13.4,21,308,,,,
2015,JEEP,CHEROKEE,VUS - PETIT,2.4,4,A9,X,10.9,7.7,9.5,30,218,,,,
2015,JEEP,CHEROKEE FFV,VUS - PETIT,2.4,4,A9,X,10.9,7.7,9.5,30,218,,,,
2015,JEEP,CHEROKEE FFV,VUS - PETIT,2.4,4,A9,E,15.2,10.2,12.9,22,206,,,,
2015,JEEP,CHEROKEE,VUS - PETIT,3.2,6,A9,X,11.4,8.1,9.9,29,228,,,,
2015,JEEP,CHEROKEE 4X4,VUS - PETIT,2.4,4,A9,X,11.3,8.3,10.0,28,230,,,,
2015,JEEP,CHEROKEE 4X4 FFV,VUS - PETIT,2.4,4,A9,X,11.3,8.3,10.0,28,230,,,,
2015,JEEP,CHEROKEE 4X4 FFV,VUS - PETIT,2.4,4,A9,E,15.9,11.0,13.7,21,219,,,,
2015,JEEP,CHEROKEE 4X4,VUS - PETIT,3.2,6,A9,X,11.6,8.5,10.2,28,235,,,,
2015,JEEP,CHEROKEE 4X4 ACTIVE DRIVE II,VUS - PETIT,2.4,4,A9,X,11.4,8.6,10.1,28,232,,,,
2015,JEEP,CHEROKEE 4X4 ACTIVE DRIVE II,VUS - PETIT,3.2,6,A9,X,12.6,8.9,10.9,26,251,,,,
2015,JEEP,CHEROKEE TRAILHAWK 4X4,VUS - PETIT,2.4,4,A9,X,12.1,9.4,10.9,26,251,,,,
2015,JEEP,CHEROKEE TRAILHAWK 4X4,VUS - PETIT,3.2,6,A9,X,12.2,9.0,10.8,26,248,,,,
2015,JEEP,COMPASS,VUS - PETIT,2.0,4,AV,X,10.7,8.8,9.9,29,228,,,,
2015,JEEP,COMPASS,VUS - PETIT,2.0,4,M5,X,10.2,7.8,9.2,31,212,,,,
2015,JEEP,COMPASS,VUS - PETIT,2.4,4,A6,X,11.2,8.6,10.0,28,230,,,,
2015,JEEP,COMPASS,VUS - PETIT,2.4,4,M5,X,10.2,8.2,9.3,30,214,,,,
2015,JEEP,COMPASS 4X4,VUS - PETIT,2.4,4,A6,X,11.4,8.7,10.2,28,235,,,,
2015,JEEP,COMPASS 4X4,VUS - PETIT,2.4,4,M5,X,10.6,8.6,9.7,29,223,,,,
2015,JEEP,COMPASS 4X4 TRAIL RATED,VUS - PETIT,2.4,4,AV,X,11.7,10.3,11.1,25,255,,,,
2015,JEEP,GRAND CHEROKEE 4X4 DIESEL,VUS - ORDINAIRE,3.0,6,A8,D,11.2,8.4,9.9,29,267,,,,
2015,JEEP,GRAND CHEROKEE 4X4 FFV,VUS - ORDINAIRE,3.6,6,A8,X,13.9,9.8,12.1,23,278,,,,
2015,JEEP,GRAND CHEROKEE 4X4 FFV,VUS - ORDINAIRE,3.6,6,A8,E,17.7,13.0,15.6,18,250,,,,
2015,JEEP,GRAND CHEROKEE 4X4 (MDS),VUS - ORDINAIRE,5.7,8,A8,X,17.3,11.5,14.7,19,338,,,,
2015,JEEP,GRAND CHEROKEE SRT 4X4 (MDS),VUS - ORDINAIRE,6.4,8,A8,Z,18.5,12.6,15.8,18,363,,,,
2015,JEEP,PATRIOT,VUS - PETIT,2.0,4,AV,X,10.7,8.8,9.9,29,228,,,,
2015,JEEP,PATRIOT,VUS - PETIT,2.0,4,M5,X,10.2,7.8,9.2,31,212,,,,
2015,JEEP,PATRIOT,VUS - PETIT,2.4,4,A6,X,11.2,8.6,10.0,28,230,,,,
2015,JEEP,PATRIOT,VUS - PETIT,2.4,4,M5,X,10.2,8.2,9.3,30,214,,,,
2015,JEEP,PATRIOT 4X4,VUS - PETIT,2.4,4,A6,X,11.4,8.7,10.2,28,235,,,,
2015,JEEP,PATRIOT 4X4,VUS - PETIT,2.4,4,M5,X,10.6,8.6,9.7,29,223,,,,
2015,JEEP,PATRIOT 4X4 TRAIL RATED,VUS - PETIT,2.4,4,AV,X,11.7,10.3,11.1,25,255,,,,
2015,JEEP,RENEGADE,VUS - PETIT,1.4,4,M6,X,9.9,7.5,8.8,32,202,,,,
2015,JEEP,RENEGADE FFV,VUS - PETIT,2.4,4,A9,X,10.8,7.7,9.4,30,216,,,,
2015,JEEP,RENEGADE FFV,VUS - PETIT,2.4,4,A9,E,14.2,9.9,12.2,23,195,,,,
2015,JEEP,RENEGADE 4X4,VUS - PETIT,1.4,4,M6,X,9.9,7.5,8.8,32,202,,,,
2015,JEEP,RENEGADE 4X4,VUS - PETIT,2.4,4,A9,X,11.2,8.0,9.8,29,225,,,,
2015,JEEP,WRANGLER 4X4,VUS - PETIT,3.6,6,A5,X,14.1,11.1,12.8,22,294,,,,
2015,JEEP,WRANGLER 4X4,VUS - PETIT,3.6,6,M6,X,14.2,11.0,12.8,22,294,,,,
2015,JEEP,WRANGLER UNLIMITED 4X4,VUS - PETIT,3.6,6,A5,X,14.8,11.7,13.4,21,308,,,,
2015,JEEP,WRANGLER UNLIMITED 4X4,VUS - PETIT,3.6,6,M6,X,15.0,11.4,13.4,21,308,,,,
2015,KIA,CADENZA,GRANDE BERLINE,3.3,6,AS6,X,12.7,8.4,10.7,26,246,,,,
2015,KIA,FORTE,INTERMÉDIAIRE,1.8,4,AS6,X,8.8,6.1,7.6,37,175,,,,
2015,KIA,FORTE,INTERMÉDIAIRE,1.8,4,M6,X,9.3,6.3,7.9,36,182,,,,
2015,KIA,FORTE,INTERMÉDIAIRE,2.0,4,AS6,X,9.7,6.7,8.3,34,191,,,,
2015,KIA,FORTE,INTERMÉDIAIRE,2.0,4,M6,X,9.8,6.9,8.5,33,196,,,,
2015,KIA,FORTE 5,GRANDE BERLINE,1.6,4,AS6,X,11.1,8.0,9.7,29,223,,,,
2015,KIA,FORTE 5,GRANDE BERLINE,1.6,4,M6,X,11.1,8.2,9.8,29,225,,,,
2015,KIA,FORTE 5,GRANDE BERLINE,2.0,4,AS6,X,9.5,7.2,8.5,33,196,,,,
2015,KIA,FORTE 5,GRANDE BERLINE,2.0,4,M6,X,9.7,6.9,8.4,34,193,,,,
2015,KIA,FORTE KOUP,COMPACTE,1.6,4,AS6,X,10.6,7.8,9.4,30,216,,,,
2015,KIA,FORTE KOUP,COMPACTE,1.6,4,M6,X,10.8,8.1,9.6,29,221,,,,
2015,KIA,FORTE KOUP,COMPACTE,2.0,4,AS6,X,9.7,7.1,8.6,33,198,,,,
2015,KIA,FORTE KOUP,COMPACTE,2.0,4,M6,X,10.0,7.4,8.8,32,202,,,,
2015,KIA,K900,GRANDE BERLINE,3.8,6,AS8,X,13.3,8.9,11.3,25,260,,,,
2015,KIA,K900,GRANDE BERLINE,5.0,8,AS8,Z,15.7,10.3,13.3,21,306,,,,
2015,KIA,OPTIMA,INTERMÉDIAIRE,2.0,4,AS6,X,11.7,7.7,9.9,29,228,,,,
2015,KIA,OPTIMA,INTERMÉDIAIRE,2.4,4,AS6,X,10.2,6.9,8.7,32,200,,,,
2015,KIA,OPTIMA HYBRID,INTERMÉDIAIRE,2.4,4,AS6,X,6.6,5.9,6.3,45,145,,,,
2015,KIA,OPTIMA HYBRID EX,INTERMÉDIAIRE,2.4,4,AS6,X,6.7,6.1,6.4,44,147,,,,
2015,KIA,RIO,COMPACTE,1.6,4,AS6,X,8.8,6.3,7.7,37,177,,,,
2015,KIA,RIO,COMPACTE,1.6,4,M6,X,8.7,6.4,7.7,37,177,,,,
2015,KIA,RIO ECO,COMPACTE,1.6,4,AS6,X,8.5,6.3,7.6,37,175,,,,
2015,KIA,RONDO,FAMILIALE - INTERMÉDIAIRE,2.0,4,AS6,X,10.6,7.6,9.3,30,214,,,,
2015,KIA,RONDO,FAMILIALE - INTERMÉDIAIRE,2.0,4,M6,X,10.8,7.4,9.3,30,214,,,,
2015,KIA,SEDONA,FOURGONNETTE,3.3,6,AS6,X,13.2,9.7,11.6,24,267,,,,
2015,KIA,SEDONA SX,FOURGONNETTE,3.3,6,AS6,X,12.9,9.5,11.4,25,262,,,,
2015,KIA,SEDONA SXL,FOURGONNETTE,3.3,6,AS6,X,14.2,10.5,12.5,23,288,,,,
2015,KIA,SORENTO,VUS - PETIT,2.4,4,AS6,X,11.8,8.7,10.4,27,239,,,,
2015,KIA,SORENTO,VUS - PETIT,3.3,6,AS6,X,12.7,9.0,11.1,25,255,,,,
2015,KIA,SORENTO AWD,VUS - PETIT,2.4,4,AS6,X,12.2,9.4,10.9,26,251,,,,
2015,KIA,SORENTO AWD,VUS - PETIT,3.3,6,AS6,X,13.4,10.0,11.8,24,271,,,,
2015,KIA,SOUL,FAMILIALE - PETITE,1.6,4,AS6,X,9.8,7.8,8.9,32,205,,,,
2015,KIA,SOUL,FAMILIALE - PETITE,1.6,4,M6,X,9.9,7.8,9.0,31,207,,,,
2015,KIA,SOUL,FAMILIALE - PETITE,2.0,4,AS6,X,10.1,7.7,9.0,31,207,,,,
2015,KIA,SOUL ECO Dynamics,FAMILIALE - PETITE,2.0,4,AS6,X,9.7,7.7,8.8,32,202,,,,
2015,KIA,SPORTAGE,VUS - PETIT,2.4,4,AS6,X,11.4,8.3,10.0,28,230,,,,
2015,KIA,SPORTAGE,VUS - PETIT,2.4,4,M6,X,12.9,9.2,11.3,25,260,,,,
2015,KIA,SPORTAGE AWD,VUS - PETIT,2.0,4,AS6,X,12.6,9.7,11.3,25,260,,,,
2015,KIA,SPORTAGE AWD,VUS - PETIT,2.4,4,AS6,X,12.0,9.1,10.7,26,246,,,,
2015,LAMBORGHINI,AVENTADOR COUPE,DEUX PLACES,6.5,12,AM7,Z,22.2,12.7,17.9,16,412,,,,
2015,LAMBORGHINI,AVENTADOR ROADSTER,DEUX PLACES,6.5,12,AM7,Z,24.0,14.5,19.7,14,453,,,,
2015,LAMBORGHINI,HURACAN,DEUX PLACES,5.2,10,AM7,Z,16.8,11.7,14.5,19,334,,,,
2015,LAMBORGHINI,VENENO ROADSTER,DEUX PLACES,6.5,12,AM7,Z,22.1,13.9,18.4,15,423,,,,
2015,LAND ROVER,LR2,VUS - PETIT,2.0,4,AS6,Z,13.5,9.9,11.9,24,274,,,,
2015,LAND ROVER,LR4,VUS - ORDINAIRE,3.0,6,AS8,Z,16.2,12.1,14.3,20,329,,,,
2015,LAND ROVER,RANGE ROVER,VUS - ORDINAIRE,3.0,6,AS8,Z,13.9,10.4,12.3,23,283,,,,
2015,LAND ROVER,RANGE ROVER SUPERCHARGED,VUS - ORDINAIRE,5.0,8,AS8,Z,17.2,12.5,15.1,19,347,,,,
2015,LAND ROVER,RANGE ROVER SUPERCHARGED,VUS - ORDINAIRE,5.0,8,AS8,E,25.0,16.9,21.4,13,342,,,,
2015,LAND ROVER,RANGE ROVER SUPERCHARGED LWB,VUS - ORDINAIRE,5.0,8,AS8,Z,17.2,12.5,15.1,19,347,,,,
2015,LAND ROVER,RANGE ROVER SUPERCHARGED LWB,VUS - ORDINAIRE,5.0,8,AS8,E,25.0,16.9,21.4,13,342,,,,
2015,LAND ROVER,RANGE ROVER EVOQUE,VUS - PETIT,2.0,4,AS9,Z,11.3,7.9,9.7,29,223,,,,
2015,LAND ROVER,RANGE ROVER EVOQUE COUPE,VUS - PETIT,2.0,4,AS9,Z,11.3,7.9,9.7,29,223,,,,
2015,LAND ROVER,RANGE ROVER SPORT,VUS - ORDINAIRE,3.0,6,AS8,Z,14.0,10.5,12.4,23,285,,,,
2015,LAND ROVER,RANGE ROVER SPORT SUPERCHARGED,VUS - ORDINAIRE,5.0,8,AS8,Z,16.6,12.3,14.7,19,338,,,,
2015,LAND ROVER,RANGE ROVER SPORT SUPERCHARGED,VUS - ORDINAIRE,5.0,8,AS8,E,24.0,16.6,20.7,14,331,,,,
2015,LEXUS,CT 200h,COMPACTE,1.8,4,AV,X,5.5,5.9,5.7,50,131,,,,
2015,LEXUS,ES 300h,INTERMÉDIAIRE,2.5,4,AV6,X,5.8,6.1,5.9,48,136,,,,
2015,LEXUS,ES 350,INTERMÉDIAIRE,3.5,6,AS6,X,11.3,7.5,9.6,29,221,,,,
2015,LEXUS,GS 350,INTERMÉDIAIRE,3.5,6,AS8,Z,12.3,8.5,10.6,27,244,,,,
2015,LEXUS,GS 350 AWD,INTERMÉDIAIRE,3.5,6,AS6,Z,12.6,9.1,11.0,26,253,,,,
2015,LEXUS,GS 450h,INTERMÉDIAIRE,3.5,6,AV8,Z,8.0,6.9,7.5,38,172,,,,
2015,LEXUS,GX 460,VUS - ORDINAIRE,4.6,8,AS6,Z,15.7,11.7,13.9,20,320,,,,
2015,LEXUS,IS 250,COMPACTE,2.5,6,AS6,Z,11.1,7.8,9.6,29,221,,,,
2015,LEXUS,IS 250 AWD,COMPACTE,2.5,6,AS6,Z,11.8,8.7,10.4,27,239,,,,
2015,LEXUS,IS 250 C,SOUS-COMPACTE,2.5,6,AS6,Z,11.2,7.8,9.6,29,221,,,,
2015,LEXUS,IS 350,COMPACTE,3.5,6,AS8,Z,12.3,8.5,10.6,27,244,,,,
2015,LEXUS,IS 350 AWD,COMPACTE,3.5,6,AS6,Z,12.6,9.1,11.0,26,253,,,,
2015,LEXUS,IS 350 C,SOUS-COMPACTE,3.5,6,AS6,Z,12.2,8.7,10.6,27,244,,,,
2015,LEXUS,LS 460,INTERMÉDIAIRE,4.6,8,AS8,Z,14.4,9.6,12.3,23,283,,,,
2015,LEXUS,LS 460 AWD,INTERMÉDIAIRE,4.6,8,AS8,Z,15.2,10.2,12.9,22,297,,,,
2015,LEXUS,LS 460 L AWD,INTERMÉDIAIRE,4.6,8,AS8,Z,15.2,10.2,12.9,22,297,,,,
2015,LEXUS,LS 600h L,INTERMÉDIAIRE,5.0,8,AV8,Z,12.7,10.1,11.5,25,264,,,,
2015,LEXUS,LX 570,VUS - ORDINAIRE,5.7,8,AS6,Z,19.0,13.6,16.6,17,382,,,,
2015,LEXUS,NX 200t AWD,VUS - PETIT,2.0,4,AS6,Z,10.6,8.4,9.6,29,221,,,,
2015,LEXUS,NX 200t AWD F SPORT,VUS - PETIT,2.0,4,AS6,Z,10.8,8.8,9.9,29,228,,,,
2015,LEXUS,NX 300h AWD,VUS - PETIT,2.5,4,AV6,X,7.1,7.7,7.4,38,170,,,,
2015,LEXUS,RC 350,SOUS-COMPACTE,3.5,6,AS8,Z,12.3,8.5,10.6,27,244,,,,
2015,LEXUS,RC 350 AWD,SOUS-COMPACTE,3.5,6,AS6,Z,12.6,9.1,11.0,26,253,,,,
2015,LEXUS,RC F,SOUS-COMPACTE,5.0,8,AS8,Z,15.2,9.5,12.6,22,290,,,,
2015,LEXUS,RX 350 AWD,VUS - PETIT,3.5,6,AS6,X,13.3,9.8,11.7,24,269,,,,
2015,LEXUS,RX 350 AWD,VUS - PETIT,3.5,6,AS8,X,12.7,9.1,11.1,25,255,,,,
2015,LEXUS,RX 450h AWD,VUS - PETIT,3.5,6,AV6,Z,8.0,8.5,8.2,34,189,,,,
2015,LINCOLN,MKC AWD,VUS - PETIT,2.0,4,AS6,X,12.4,9.0,10.9,26,251,,,,
2015,LINCOLN,MKC AWD,VUS - PETIT,2.3,4,AS6,X,12.9,9.2,11.2,25,258,,,,
2015,LINCOLN,MKS AWD,GRANDE BERLINE,3.5,6,AS6,X,13.9,9.5,11.9,24,274,,,,
2015,LINCOLN,MKS AWD,GRANDE BERLINE,3.7,6,AS6,X,13.1,9.0,11.2,25,258,,,,
2015,LINCOLN,MKT AWD,VUS - ORDINAIRE,3.5,6,AS6,X,14.6,10.4,12.8,22,294,,,,
2015,LINCOLN,MKT LIVERY,VÉHICULE À USAGE SPÉCIAL,2.0,4,AS6,X,11.5,8.4,10.1,28,232,,,,
2015,LINCOLN,MKT LIVERY AWD,VÉHICULE À USAGE SPÉCIAL,3.7,6,A6,X,14.1,10.0,12.2,23,281,,,,
2015,LINCOLN,MKX AWD,VUS - PETIT,3.7,6,AS6,X,13.7,10.3,12.1,23,278,,,,
2015,LINCOLN,MKZ,INTERMÉDIAIRE,2.0,4,AS6,X,10.5,7.0,8.9,32,205,,,,
2015,LINCOLN,MKZ AWD,INTERMÉDIAIRE,3.7,6,AS6,X,13.1,9.2,11.3,25,260,,,,
2015,LINCOLN,MKZ HYBRID,INTERMÉDIAIRE,2.0,4,AV,X,5.7,6.0,5.8,49,133,,,,
2015,LINCOLN,NAVIGATOR 4X4,VUS - ORDINAIRE,3.5,6,AS6,X,16.2,11.8,14.2,20,327,,,,
2015,LINCOLN,NAVIGATOR L 4X4,VUS - ORDINAIRE,3.5,6,AS6,X,16.1,12.3,14.4,20,331,,,,
2015,MASERATI,GHIBLI,INTERMÉDIAIRE,3.0,6,AS8,Z,15.2,9.6,12.7,22,292,,,,
2015,MASERATI,GHIBLI AWD,INTERMÉDIAIRE,3.0,6,AS8,Z,15.6,9.5,12.8,22,294,,,,
2015,MASERATI,GRANTURISMO,SOUS-COMPACTE,4.7,8,AS6,Z,18.2,11.4,15.1,19,347,,,,
2015,MASERATI,GRANTURISMO CONVERTIBLE,SOUS-COMPACTE,4.7,8,AS6,Z,18.2,11.6,15.2,19,350,,,,
2015,MASERATI,QUATTROPORTE GTS,GRANDE BERLINE,3.8,8,AS8,Z,17.5,10.7,14.5,19,334,,,,
2015,MASERATI,QUATTROPORTE SQ4,GRANDE BERLINE,3.0,6,AS8,Z,15.7,9.7,13.0,22,299,,,,
2015,MAZDA,CX-5,VUS - PETIT,2.0,4,AS6,X,8.9,7.3,8.2,34,189,,,,
2015,MAZDA,CX-5,VUS - PETIT,2.0,4,M6,X,9.0,6.8,8.0,35,184,,,,
2015,MAZDA,CX-5,VUS - PETIT,2.5,4,AS6,X,9.6,7.4,8.6,33,198,,,,
2015,MAZDA,CX-5 4WD,VUS - PETIT,2.0,4,AS6,X,9.3,7.6,8.5,33,196,,,,
2015,MAZDA,CX-5 4WD,VUS - PETIT,2.5,4,AS6,X,9.9,7.9,9.0,31,207,,,,
2015,MAZDA,CX-9,VUS - PETIT,3.7,6,AS6,X,14.2,10.0,12.3,23,283,,,,
2015,MAZDA,CX-9 4WD,VUS - PETIT,3.7,6,AS6,X,14.3,10.6,12.7,22,292,,,,
2015,MAZDA,MAZDA3 4-DOOR,COMPACTE,2.0,4,AS6,X,7.9,5.7,6.9,41,159,,,,
2015,MAZDA,MAZDA3 4-DOOR (SIL),COMPACTE,2.0,4,M6,X,8.0,5.8,7.0,40,161,,,,
2015,MAZDA,MAZDA3 4-DOOR,COMPACTE,2.5,4,AS6,X,8.4,6.1,7.4,38,170,,,,
2015,MAZDA,MAZDA3 4-DOOR (i-ELOOP),COMPACTE,2.5,4,AS6,X,8.2,5.9,7.2,39,166,,,,
2015,MAZDA,MAZDA3 4-DOOR (SIL),COMPACTE,2.5,4,M6,X,9.3,6.4,8.0,35,184,,,,
2015,MAZDA,MAZDA3 5-DOOR,INTERMÉDIAIRE,2.0,4,AS6,X,8.0,5.9,7.0,40,161,,,,
2015,MAZDA,MAZDA3 5-DOOR (SIL),INTERMÉDIAIRE,2.0,4,M6,X,8.2,5.9,7.1,40,163,,,,
2015,MAZDA,MAZDA3 5-DOOR,INTERMÉDIAIRE,2.5,4,AS6,X,8.7,6.5,7.7,37,177,,,,
2015,MAZDA,MAZDA3 5-DOOR (i-ELOOP),INTERMÉDIAIRE,2.5,4,AS6,X,8.2,6.0,7.2,39,166,,,,
2015,MAZDA,MAZDA3 5-DOOR (SIL),INTERMÉDIAIRE,2.5,4,M6,X,9.2,6.6,8.1,35,186,,,,
2015,MAZDA,MAZDA5,FOURGONNETTE,2.5,4,AS5,X,10.7,8.2,9.6,29,221,,,,
2015,MAZDA,MAZDA5,FOURGONNETTE,2.5,4,M6,X,11.1,8.3,9.8,29,225,,,,
2015,MAZDA,MAZDA6,INTERMÉDIAIRE,2.5,4,AS6,X,8.8,6.1,7.6,37,175,,,,
2015,MAZDA,MAZDA6,INTERMÉDIAIRE,2.5,4,M6,X,9.4,6.4,8.1,35,186,,,,
2015,MAZDA,MAZDA6 (i-ELOOP),INTERMÉDIAIRE,2.5,4,AS6,X,8.4,5.9,7.3,39,168,,,,
2015,MAZDA,MX-5,DEUX PLACES,2.0,4,AS6,Z,11.5,8.5,10.1,28,232,,,,
2015,MAZDA,MX-5,DEUX PLACES,2.0,4,M5,Z,10.5,8.5,9.6,29,221,,,,
2015,MAZDA,MX-5,DEUX PLACES,2.0,4,M6,Z,11.1,8.4,9.9,29,228,,,,
2015,MERCEDES-BENZ,B 250,FAMILIALE - PETITE,2.0,4,AS7,Z,9.2,6.6,8.0,35,184,,,,
2015,MERCEDES-BENZ,B 250 4MATIC,FAMILIALE - PETITE,2.0,4,AS7,Z,10.0,7.5,8.9,32,205,,,,
2015,MERCEDES-BENZ,C 250 COUPE,SOUS-COMPACTE,1.8,4,AS7,Z,10.9,7.5,9.4,30,216,,,,
2015,MERCEDES-BENZ,C 300 4MATIC,COMPACTE,2.0,4,AS7,Z,10.1,7.8,9.0,31,207,,,,
2015,MERCEDES-BENZ,C 350 4MATIC COUPE,SOUS-COMPACTE,3.5,6,AS7,Z,12.1,8.7,10.6,27,244,,,,
2015,MERCEDES-BENZ,C 350 COUPE,SOUS-COMPACTE,3.5,6,AS7,Z,12.1,8.6,10.5,27,242,,,,
2015,MERCEDES-BENZ,C 400 4MATIC,COMPACTE,3.0,6,AS7,Z,11.1,8.4,9.9,29,228,,,,
2015,MERCEDES-BENZ,C 63 AMG COUPE,SOUS-COMPACTE,6.2,8,AS7,Z,17.9,12.3,15.4,18,354,,,,
2015,MERCEDES-BENZ,CLA 250,SOUS-COMPACTE,2.0,4,AS7,Z,9.4,6.4,8.1,35,186,,,,
2015,MERCEDES-BENZ,CLA 250 4MATIC,SOUS-COMPACTE,2.0,4,AS7,Z,9.9,7.4,8.8,32,202,,,,
2015,MERCEDES-BENZ,CLA 45 AMG,COMPACTE,2.0,4,AS7,Z,10.2,7.7,9.1,31,209,,,,
2015,MERCEDES-BENZ,CLS 400 4MATIC,COMPACTE,3.0,6,AS7,Z,12.1,8.5,10.5,27,242,,,,
2015,MERCEDES-BENZ,CLS 550 4MATIC,COMPACTE,4.7,8,AS7,Z,14.5,10.1,12.5,23,288,,,,
2015,MERCEDES-BENZ,CLS 63 AMG 4MATIC,COMPACTE,5.5,8,AS7,Z,15.1,10.8,13.1,22,301,,,,
2015,MERCEDES-BENZ,E 250 BLUETEC 4MATIC,INTERMÉDIAIRE,2.1,4,AS7,D,8.6,5.9,7.4,38,200,,,,
2015,MERCEDES-BENZ,E 300 4MATIC,INTERMÉDIAIRE,3.5,6,AS7,Z,11.9,8.2,10.2,28,235,,,,
2015,MERCEDES-BENZ,E 400 4MATIC,INTERMÉDIAIRE,3.0,6,AS7,Z,12.0,8.5,10.4,27,239,,,,
2015,MERCEDES-BENZ,E 400 4MATIC WAGON,FAMILIALE - INTERMÉDIAIRE,3.5,6,AS7,Z,12.4,8.8,10.8,26,248,,,,
2015,MERCEDES-BENZ,E 400 CABRIOLET,SOUS-COMPACTE,3.5,6,AS7,Z,11.5,8.1,10.0,28,230,,,,
2015,MERCEDES-BENZ,E 400 COUPE,SOUS-COMPACTE,3.5,6,AS7,Z,11.8,8.3,10.2,28,235,,,,
2015,MERCEDES-BENZ,E 550 4MATIC,INTERMÉDIAIRE,4.7,8,AS7,Z,12.9,9.6,11.4,25,262,,,,
2015,MERCEDES-BENZ,E 550 CABRIOLET,SOUS-COMPACTE,4.7,8,AS7,Z,13.7,9.2,11.7,24,269,,,,
2015,MERCEDES-BENZ,E 550 COUPE,SOUS-COMPACTE,4.7,8,AS7,Z,13.3,8.9,11.4,25,262,,,,
2015,MERCEDES-BENZ,E 63 AMG S 4MATIC,INTERMÉDIAIRE,5.5,8,AS7,Z,15.3,10.8,13.3,21,306,,,,
2015,MERCEDES-BENZ,E 63 AMG S 4MATIC WAGON,FAMILIALE - INTERMÉDIAIRE,5.5,8,AS7,Z,15.2,11.0,13.3,21,306,,,,
2015,MERCEDES-BENZ,G 550,VUS - ORDINAIRE,5.5,8,AS7,Z,19.9,16.1,18.2,16,419,,,,
2015,MERCEDES-BENZ,G 63 AMG,VUS - ORDINAIRE,5.5,8,AS7,Z,20.0,16.6,18.5,15,426,,,,
2015,MERCEDES-BENZ,GL 350 BLUETEC 4MATIC,VUS - ORDINAIRE,3.0,6,AS7,D,13.6,10.0,12.0,24,324,,,,
2015,MERCEDES-BENZ,GL 450 4MATIC,VUS - ORDINAIRE,3.0,6,AS7,Z,15.2,12.6,14.0,20,322,,,,
2015,MERCEDES-BENZ,GL 550 4MATIC,VUS - ORDINAIRE,4.7,8,AS7,Z,17.5,13.2,15.6,18,359,,,,
2015,MERCEDES-BENZ,GL 63 AMG,VUS - ORDINAIRE,5.5,8,AS7,Z,18.2,14.0,16.3,17,375,,,,
2015,MERCEDES-BENZ,GLA 250 4MATIC,VUS - PETIT,2.0,4,AS7,Z,9.8,7.4,8.7,32,200,,,,
2015,MERCEDES-BENZ,GLA 45 AMG 4MATIC,FAMILIALE - INTERMÉDIAIRE,2.0,4,AS7,Z,10.5,8.1,9.4,30,216,,,,
2015,MERCEDES-BENZ,GLK 250 BLUETEC 4MATIC,VUS - PETIT,2.1,4,AS7,D,9.6,7.0,8.5,33,230,,,,
2015,MERCEDES-BENZ,GLK 350 4MATIC,VUS - PETIT,3.5,6,AS7,Z,12.6,9.6,11.2,25,258,,,,
2015,MERCEDES-BENZ,ML 350 BLUETEC 4MATIC,VUS - ORDINAIRE,3.0,6,AS7,D,11.8,8.5,10.3,27,278,,,,
2015,MERCEDES-BENZ,ML 400 4MATIC,VUS - ORDINAIRE,3.0,6,AS7,Z,13.3,10.4,12.0,24,276,,,,
2015,MERCEDES-BENZ,ML 550 4MATIC,VUS - ORDINAIRE,4.7,8,AS7,Z,16.3,11.8,14.2,20,327,,,,
2015,MERCEDES-BENZ,ML 63 AMG 4MATIC,VUS - ORDINAIRE,5.5,8,AS7,Z,17.3,13.5,15.6,18,359,,,,
2015,MERCEDES-BENZ,S 400 4MATIC,INTERMÉDIAIRE,4.7,6,AS7,Z,12.6,8.6,10.8,26,248,,,,
2015,MERCEDES-BENZ,S 550 4MATIC COUPE,COMPACTE,4.7,8,AS7,Z,14.4,9.8,12.3,23,283,,,,
2015,MERCEDES-BENZ,S 550 4MATIC LWB,GRANDE BERLINE,4.7,8,AS7,Z,14.8,9.8,12.5,23,288,,,,
2015,MERCEDES-BENZ,S 550 4MATIC SWB,INTERMÉDIAIRE,4.7,8,AS7,Z,14.7,9.1,12.2,23,281,,,,
2015,MERCEDES-BENZ,S 600,GRANDE BERLINE,6.0,12,AS7,Z,18.1,11.0,14.9,19,343,,,,
2015,MERCEDES-BENZ,S 63 AMG 4MATIC,GRANDE BERLINE,5.5,8,AS7,Z,15.7,10.1,13.2,21,304,,,,
2015,MERCEDES-BENZ,S 63 AMG COUPE,COMPACTE,5.5,8,AS7,Z,15.7,10.1,13.2,21,304,,,,
2015,MERCEDES-BENZ,S 65 AMG,GRANDE BERLINE,6.0,12,AS7,Z,18.5,11.8,15.5,18,357,,,,
2015,MERCEDES-BENZ,S 65 AMG COUPE,COMPACTE,6.0,12,AS7,Z,18.0,11.3,15.0,19,345,,,,
2015,MERCEDES-BENZ,SL 550,DEUX PLACES,4.7,8,AS7,Z,13.8,9.5,11.9,24,274,,,,
2015,MERCEDES-BENZ,SL 63 AMG,DEUX PLACES,5.5,8,AS7,Z,14.7,9.5,12.4,23,285,,,,
2015,MERCEDES-BENZ,SL 65 AMG,DEUX PLACES,6.0,12,AS7,Z,16.7,11.2,14.2,20,327,,,,
2015,MERCEDES-BENZ,SLK 250,DEUX PLACES,1.8,4,AS7,Z,10.4,7.2,9.0,31,207,,,,
2015,MERCEDES-BENZ,SLK 250,DEUX PLACES,1.8,4,M6,Z,10.4,7.2,9.0,31,207,,,,
2015,MERCEDES-BENZ,SLK 350,DEUX PLACES,3.5,6,AS7,Z,11.1,8.1,9.8,29,225,,,,
2015,MERCEDES-BENZ,SLK 55 AMG,DEUX PLACES,5.5,8,AS7,Z,12.4,8.5,10.6,27,244,,,,
2015,MERCEDES-BENZ,SLS AMG GT COUPE,DEUX PLACES,6.2,8,AM7,Z,18.1,12.6,15.6,18,359,,,,
2015,MERCEDES-BENZ,SLS AMG GT ROADSTER,DEUX PLACES,6.2,8,AM7,Z,18.1,12.6,15.6,18,359,,,,
2015,MINI,COOPER 3 DOOR,SOUS-COMPACTE,1.5,3,AS6,Z,8.5,6.3,7.5,38,172,,,,
2015,MINI,COOPER 3 DOOR,SOUS-COMPACTE,1.5,3,M6,Z,8.1,5.9,7.1,40,163,,,,
2015,MINI,COOPER 5 DOOR,SOUS-COMPACTE,1.5,3,AS6,Z,8.5,6.3,7.5,38,172,,,,
2015,MINI,COOPER 5 DOOR,SOUS-COMPACTE,1.5,3,M6,Z,8.2,5.9,7.2,39,166,,,,
2015,MINI,COOPER CONVERTIBLE,MINICOMPACTE,1.6,4,AS6,Z,8.6,6.5,7.7,37,177,,,,
2015,MINI,COOPER CONVERTIBLE,MINICOMPACTE,1.6,4,M6,Z,8.4,6.4,7.5,38,172,,,,
2015,MINI,COOPER COUNTRYMAN,COMPACTE,1.6,4,AS6,Z,9.4,7.9,8.7,32,200,,,,
2015,MINI,COOPER COUNTRYMAN,COMPACTE,1.6,4,M6,Z,8.4,6.4,7.5,38,172,,,,
2015,MINI,COOPER COUPE,DEUX PLACES,1.6,4,AS6,Z,8.5,6.5,7.6,37,175,,,,
2015,MINI,COOPER COUPE,DEUX PLACES,1.6,4,M6,Z,8.0,6.4,7.3,39,168,,,,
2015,MINI,COOPER PACEMAN,COMPACTE,1.6,4,AS6,Z,9.4,7.9,8.7,32,200,,,,
2015,MINI,COOPER PACEMAN,COMPACTE,1.6,4,M6,Z,8.4,6.4,7.5,38,172,,,,
2015,MINI,COOPER ROADSTER,DEUX PLACES,1.6,4,AS6,Z,8.6,6.5,7.7,37,177,,,,
2015,MINI,COOPER ROADSTER,DEUX PLACES,1.6,4,M6,Z,8.4,6.4,7.5,38,172,,,,
2015,MINI,COOPER S 3 DOOR,SOUS-COMPACTE,2.0,4,AS6,Z,9.2,7.0,8.2,34,189,,,,
2015,MINI,COOPER S 3 DOOR,SOUS-COMPACTE,2.0,4,M6,Z,10.0,7.0,8.6,33,198,,,,
2015,MINI,COOPER S 5 DOOR,SOUS-COMPACTE,2.0,4,AS6,Z,9.2,7.0,8.2,34,189,,,,
2015,MINI,COOPER S 5 DOOR,SOUS-COMPACTE,2.0,4,M6,Z,10.0,7.0,8.6,33,198,,,,
2015,MINI,COOPER S CONVERTIBLE,MINICOMPACTE,1.6,4,AS6,Z,9.2,6.8,8.1,35,186,,,,
2015,MINI,COOPER S CONVERTIBLE,MINICOMPACTE,1.6,4,M6,Z,9.1,6.8,8.1,35,186,,,,
2015,MINI,COOPER S COUNTRYMAN ALL4,COMPACTE,1.6,4,AS6,Z,10.1,7.8,9.0,31,207,,,,
2015,MINI,COOPER S COUNTRYMAN ALL4,COMPACTE,1.6,4,M6,Z,9.5,7.7,8.7,32,200,,,,
2015,MINI,COOPER S COUPE,DEUX PLACES,1.6,4,AS6,Z,9.2,6.8,8.1,35,186,,,,
2015,MINI,COOPER S COUPE,DEUX PLACES,1.6,4,M6,Z,9.1,6.8,8.1,35,186,,,,
2015,MINI,COOPER S PACEMAN ALL4,COMPACTE,1.6,4,AS6,Z,10.1,7.8,9.0,31,207,,,,
2015,MINI,COOPER S PACEMAN ALL4,COMPACTE,1.6,4,M6,Z,9.5,7.7,8.7,32,200,,,,
2015,MINI,COOPER S ROADSTER,DEUX PLACES,1.6,4,AS6,Z,9.2,6.8,8.1,35,186,,,,
2015,MINI,COOPER S ROADSTER,DEUX PLACES,1.6,4,M6,Z,9.1,6.8,8.1,35,186,,,,
2015,MINI,JOHN COOPER WORKS,SOUS-COMPACTE,2.0,4,AS6,Z,9.3,7.3,8.4,34,193,,,,
2015,MINI,JOHN COOPER WORKS,SOUS-COMPACTE,2.0,4,M6,Z,10.4,7.7,9.2,31,212,,,,
2015,MINI,JOHN COOPER WORKS CONVERTIBLE,MINICOMPACTE,1.6,4,AS6,Z,9.2,6.8,8.1,35,186,,,,
2015,MINI,JOHN COOPER WORKS CONVERTIBLE,MINICOMPACTE,1.6,4,M6,Z,9.1,6.8,8.1,35,186,,,,
2015,MINI,JOHN COOPER WORKS COUNTRYMAN ALL4,COMPACTE,1.6,4,AS6,Z,10.1,7.8,9.0,31,207,,,,
2015,MINI,JOHN COOPER WORKS COUNTRYMAN ALL4,COMPACTE,1.6,4,M6,Z,9.5,7.7,8.7,32,200,,,,
2015,MINI,JOHN COOPER WORKS COUPE,DEUX PLACES,1.6,4,AS6,Z,9.2,6.8,8.1,35,186,,,,
2015,MINI,JOHN COOPER WORKS COUPE,DEUX PLACES,1.6,4,M6,Z,9.1,6.8,8.1,35,186,,,,
2015,MINI,JOHN COOPER WORKS PACEMAN ALL4,COMPACTE,1.6,4,AS6,Z,10.1,7.8,9.0,31,207,,,,
2015,MINI,JOHN COOPER WORKS PACEMAN ALL4,COMPACTE,1.6,4,M6,Z,9.5,7.7,8.7,32,200,,,,
2015,MINI,JOHN COOPER WORKS ROADSTER,DEUX PLACES,1.6,4,AS6,Z,9.2,6.8,8.1,35,186,,,,
2015,MINI,JOHN COOPER WORKS ROADSTER,DEUX PLACES,1.6,4,M6,Z,9.1,6.8,8.1,35,186,,,,
2015,MITSUBISHI,LANCER,COMPACTE,2.0,4,AV6,X,9.2,6.9,8.2,34,189,,,,
2015,MITSUBISHI,LANCER,COMPACTE,2.0,4,M5,X,9.6,6.9,8.4,34,193,,,,
2015,MITSUBISHI,LANCER AWD,COMPACTE,2.4,4,AV6,X,10.5,8.2,9.5,30,219,,,,
2015,MITSUBISHI,LANCER EVOLUTION,COMPACTE,2.0,4,AM6,Z,14.2,10.5,12.5,23,288,,,,
2015,MITSUBISHI,LANCER EVOLUTION,COMPACTE,2.0,4,M5,Z,14.0,10.3,12.3,23,283,,,,
2015,MITSUBISHI,LANCER RALLIART,COMPACTE,2.0,4,AM6,Z,13.4,9.4,11.6,24,267,,,,
2015,MITSUBISHI,LANCER SPORTBACK,FAMILIALE - PETITE,2.0,4,AV6,X,9.6,7.3,8.6,33,198,,,,
2015,MITSUBISHI,LANCER SPORTBACK,FAMILIALE - PETITE,2.0,4,M5,X,9.8,7.1,8.6,33,198,,,,
2015,MITSUBISHI,MIRAGE,COMPACTE,1.2,3,AV,X,6.4,5.3,5.9,48,136,,,,
2015,MITSUBISHI,MIRAGE,COMPACTE,1.2,3,M5,X,7.0,5.5,6.4,44,147,,,,
2015,MITSUBISHI,OUTLANDER,VUS - PETIT,2.4,4,AV6,X,9.5,7.5,8.6,33,198,,,,
2015,MITSUBISHI,OUTLANDER 4WD,VUS - PETIT,2.4,4,AV6,X,9.9,8.1,9.1,31,209,,,,
2015,MITSUBISHI,OUTLANDER 4WD,VUS - PETIT,3.0,6,AS6,Z,11.5,8.4,10.1,28,232,,,,
2015,MITSUBISHI,RVR,VUS - PETIT,2.0,4,AV6,X,9.3,7.3,8.4,34,193,,,,
2015,MITSUBISHI,RVR,VUS - PETIT,2.0,4,M5,X,9.9,7.6,8.8,32,202,,,,
2015,MITSUBISHI,RVR 4WD,VUS - PETIT,2.0,4,AV6,X,9.6,7.7,8.8,32,202,,,,
2015,MITSUBISHI,RVR 4WD,VUS - PETIT,2.4,4,AV6,X,10.4,8.5,9.6,29,221,,,,
2015,NISSAN,370Z COUPE,DEUX PLACES,3.7,6,AS7,Z,12.6,9.2,11.1,25,255,,,,
2015,NISSAN,370Z COUPE,DEUX PLACES,3.7,6,M6,Z,13.3,9.3,11.5,25,264,,,,
2015,NISSAN,370Z ROADSTER,DEUX PLACES,3.7,6,AS7,Z,13.0,9.6,11.5,25,264,,,,
2015,NISSAN,370Z ROADSTER,DEUX PLACES,3.7,6,M6,Z,13.6,9.7,11.8,24,271,,,,
2015,NISSAN,ALTIMA,INTERMÉDIAIRE,2.5,4,AV,X,8.7,6.2,7.6,37,175,,,,
2015,NISSAN,ALTIMA,INTERMÉDIAIRE,3.5,6,AV,X,10.3,7.4,9.0,31,207,,,,
2015,NISSAN,ARMADA 4WD,VUS - ORDINAIRE,5.6,8,A5,X,19.2,13.4,16.6,17,382,,,,
2015,NISSAN,FRONTIER,CAMIONNETTE - PETITE,2.5,4,A5,X,13.7,10.6,12.3,23,283,,,,
2015,NISSAN,FRONTIER,CAMIONNETTE - PETITE,2.5,4,M5,X,12.2,10.2,11.3,25,260,,,,
2015,NISSAN,FRONTIER,CAMIONNETTE - PETITE,4.0,6,A5,X,14.8,10.3,12.7,22,292,,,,
2015,NISSAN,FRONTIER 4WD,CAMIONNETTE - PETITE,4.0,6,A5,X,15.7,11.3,13.7,21,315,,,,
2015,NISSAN,FRONTIER 4WD,CAMIONNETTE - PETITE,4.0,6,M6,X,15.0,11.2,13.3,21,306,,,,
2015,NISSAN,GT-R,SOUS-COMPACTE,3.8,6,AM6,Z,14.3,10.5,12.6,22,290,,,,
2015,NISSAN,JUKE,FAMILIALE - PETITE,1.6,4,AV7,X,8.5,7.2,7.9,36,182,,,,
2015,NISSAN,JUKE,FAMILIALE - PETITE,1.6,4,M6,X,8.4,6.9,7.7,37,177,,,,
2015,NISSAN,JUKE AWD,FAMILIALE - PETITE,1.6,4,AV7,X,8.8,7.5,8.2,34,189,,,,
2015,NISSAN,JUKE NISMO RS,FAMILIALE - PETITE,1.6,4,M6,Z,8.9,7.5,8.3,34,191,,,,
2015,NISSAN,JUKE NISMO RS AWD,FAMILIALE - PETITE,1.6,4,AV8,Z,9.4,8.1,8.8,32,202,,,,
2015,NISSAN,MICRA,COMPACTE,1.6,4,A4,X,8.8,6.6,7.8,36,179,,,,
2015,NISSAN,MICRA,COMPACTE,1.6,4,M5,X,8.6,6.6,7.7,37,177,,,,
2015,NISSAN,MURANO,FAMILIALE - INTERMÉDIAIRE,3.5,6,AV7,X,11.0,8.2,9.8,29,225,,,,
2015,NISSAN,MURANO AWD,FAMILIALE - INTERMÉDIAIRE,3.5,6,AV7,X,11.2,8.3,9.9,29,228,,,,
2015,NISSAN,NV200 CARGO VAN,VÉHICULE À USAGE SPÉCIAL,2.0,4,AV,X,9.7,9.0,9.4,30,216,,,,
2015,NISSAN,PATHFINDER,VUS - PETIT,3.5,6,AV,X,11.9,8.6,10.4,27,239,,,,
2015,NISSAN,PATHFINDER 4WD,VUS - PETIT,3.5,6,AV,X,12.1,8.9,10.7,26,246,,,,
2015,NISSAN,PATHFINDER 4WD PLATINUM,VUS - PETIT,3.5,6,AV,X,12.7,9.0,11.0,26,253,,,,
2015,NISSAN,PATHFINDER HYBRID 4WD,VUS - ORDINAIRE,2.5,4,AV,X,9.1,8.5,8.8,32,202,,,,
2015,NISSAN,QUEST,FOURGONNETTE,3.5,6,AV,X,12.0,8.7,10.5,27,242,,,,
2015,NISSAN,ROGUE,VUS - PETIT,2.5,4,AV,X,9.2,7.2,8.3,34,191,,,,
2015,NISSAN,ROGUE AWD,VUS - PETIT,2.5,4,AV,X,9.5,7.4,8.5,33,196,,,,
2015,NISSAN,SENTRA,INTERMÉDIAIRE,1.8,4,AV,X,8.0,6.1,7.2,39,166,,,,
2015,NISSAN,SENTRA,INTERMÉDIAIRE,1.8,4,M6,X,8.9,6.6,7.9,36,182,,,,
2015,NISSAN,TITAN,CAMIONNETTE - ORDINAIRE,5.6,8,A5,X,18.4,13.3,16.1,18,370,,,,
2015,NISSAN,TITAN 4WD,CAMIONNETTE - ORDINAIRE,5.6,8,A5,X,19.7,14.3,17.2,16,396,,,,
2015,NISSAN,VERSA,COMPACTE,1.6,4,AV,X,7.5,6.0,6.8,42,156,,,,
2015,NISSAN,VERSA,COMPACTE,1.6,4,M5,X,8.6,6.5,7.7,37,177,,,,
2015,NISSAN,XTERRA 4WD,VUS - PETIT,4.0,6,A5,X,16.0,12.0,14.2,20,327,,,,
2015,NISSAN,XTERRA 4WD,VUS - PETIT,4.0,6,M6,X,16.0,12.3,14.4,20,331,,,,
2015,PORSCHE,911 CARRERA,MINICOMPACTE,3.4,6,AM7,Z,11.6,8.4,10.1,28,232,,,,
2015,PORSCHE,911 CARRERA,MINICOMPACTE,3.4,6,M7,Z,12.3,8.6,10.6,27,244,,,,
2015,PORSCHE,911 CARRERA CABRIOLET,MINICOMPACTE,3.4,6,AM7,Z,11.5,8.3,10.1,28,232,,,,
2015,PORSCHE,911 CARRERA CABRIOLET,MINICOMPACTE,3.4,6,M7,Z,12.3,8.7,10.7,26,246,,,,
2015,PORSCHE,911 CARRERA 4,MINICOMPACTE,3.4,6,AM7,Z,11.6,8.5,10.2,28,235,,,,
2015,PORSCHE,911 CARRERA 4,MINICOMPACTE,3.4,6,M7,Z,12.3,8.7,10.7,26,246,,,,
2015,PORSCHE,911 CARRERA 4 CABRIOLET,MINICOMPACTE,3.4,6,AM7,Z,11.9,8.7,10.5,27,242,,,,
2015,PORSCHE,911 CARRERA 4 CABRIOLET,MINICOMPACTE,3.4,6,M7,Z,12.5,9.0,10.9,26,251,,,,
2015,PORSCHE,911 CARRERA 4 GTS,MINICOMPACTE,3.8,6,AM7,Z,12.6,9.2,11.1,25,255,,,,
2015,PORSCHE,911 CARRERA 4 GTS,MINICOMPACTE,3.8,6,M7,Z,13.0,9.2,11.3,25,260,,,,
2015,PORSCHE,911 CARRERA 4 GTS CABRIOLET,MINICOMPACTE,3.8,6,AM7,Z,13.1,9.4,11.4,25,262,,,,
2015,PORSCHE,911 CARRERA 4 GTS CABRIOLET,MINICOMPACTE,3.8,6,M7,Z,13.4,9.3,11.6,24,267,,,,
2015,PORSCHE,911 CARRERA 4S,MINICOMPACTE,3.8,6,AM7,Z,12.2,8.9,10.7,26,246,,,,
2015,PORSCHE,911 CARRERA 4S,MINICOMPACTE,3.8,6,M7,Z,12.6,8.9,11.0,26,253,,,,
2015,PORSCHE,911 CARRERA 4S CABRIOLET,MINICOMPACTE,3.8,6,AM7,Z,12.5,9.0,11.0,26,253,,,,
2015,PORSCHE,911 CARRERA 4S CABRIOLET,MINICOMPACTE,3.8,6,M7,Z,12.9,9.2,11.2,25,258,,,,
2015,PORSCHE,911 CARRERA GTS,MINICOMPACTE,3.8,6,AM7,Z,12.6,9.0,11.0,26,253,,,,
2015,PORSCHE,911 CARRERA GTS,MINICOMPACTE,3.8,6,M7,Z,12.9,9.0,11.2,25,258,,,,
2015,PORSCHE,911 CARRERA GTS CABRIOLET,MINICOMPACTE,3.8,6,AM7,Z,12.6,9.2,11.1,25,255,,,,
2015,PORSCHE,911 CARRERA GTS CABRIOLET,MINICOMPACTE,3.8,6,M7,Z,13.4,9.3,11.6,24,267,,,,
2015,PORSCHE,911 CARRERA S,MINICOMPACTE,3.8,6,AM7,Z,11.9,8.7,10.5,27,242,,,,
2015,PORSCHE,911 CARRERA S,MINICOMPACTE,3.8,6,M7,Z,12.4,8.7,10.7,26,246,,,,
2015,PORSCHE,911 CARRERA S CABRIOLET,MINICOMPACTE,3.8,6,AM7,Z,12.2,8.7,10.6,27,244,,,,
2015,PORSCHE,911 CARRERA S CABRIOLET,MINICOMPACTE,3.8,6,M7,Z,12.5,8.9,10.9,26,251,,,,
2015,PORSCHE,911 GT3,DEUX PLACES,3.8,6,AM7,Z,16.0,11.5,14.0,20,322,,,,
2015,PORSCHE,911 TARGA 4,MINICOMPACTE,3.4,6,AM7,Z,12.3,8.9,10.8,26,248,,,,
2015,PORSCHE,911 TARGA 4,MINICOMPACTE,3.4,6,M7,Z,12.9,9.0,11.1,25,255,,,,
2015,PORSCHE,911 TARGA 4S,MINICOMPACTE,3.8,6,AM7,Z,12.8,9.3,11.2,25,258,,,,
2015,PORSCHE,911 TARGA 4S,MINICOMPACTE,3.8,6,M7,Z,13.1,9.2,11.4,25,262,,,,
2015,PORSCHE,911 TURBO,MINICOMPACTE,3.8,6,AM7,Z,13.7,9.6,11.9,24,274,,,,
2015,PORSCHE,911 TURBO CABRIOLET,MINICOMPACTE,3.8,6,AM7,Z,13.7,9.6,11.9,24,274,,,,
2015,PORSCHE,911 TURBO S,MINICOMPACTE,3.8,6,AM7,Z,13.7,9.6,11.9,24,274,,,,
2015,PORSCHE,911 TURBO S CABRIOLET,MINICOMPACTE,3.8,6,AM7,Z,13.7,9.6,11.9,24,274,,,,
2015,PORSCHE,BOXSTER,DEUX PLACES,2.7,6,AM7,Z,10.7,7.4,9.2,31,212,,,,
2015,PORSCHE,BOXSTER,DEUX PLACES,2.7,6,M6,Z,11.5,7.9,9.9,29,228,,,,
2015,PORSCHE,BOXSTER GTS,DEUX PLACES,3.4,6,AM7,Z,10.9,7.7,9.5,30,218,,,,
2015,PORSCHE,BOXSTER GTS,DEUX PLACES,3.4,6,M6,Z,12.1,8.9,10.7,26,246,,,,
2015,PORSCHE,BOXSTER S,DEUX PLACES,3.4,6,AM7,Z,11.3,7.9,9.8,29,225,,,,
2015,PORSCHE,BOXSTER S,DEUX PLACES,3.4,6,M6,Z,11.9,8.6,10.4,27,239,,,,
2015,PORSCHE,CAYENNE DIESEL (modifié),VUS - ORDINAIRE,3.0,6,A8,D,11.8,8.1,10.2,28,277,,,,
2015,PORSCHE,CAYENNE S,VUS - ORDINAIRE,3.6,6,A8,Z,14.3,9.6,12.2,23,286,,,,
2015,PORSCHE,CAYENNE TURBO,VUS - ORDINAIRE,4.8,8,A8,Z,16.7,11.2,14.2,20,327,,,,
2015,PORSCHE,CAYMAN,DEUX PLACES,2.7,6,AM7,Z,10.7,7.4,9.2,31,212,,,,
2015,PORSCHE,CAYMAN,DEUX PLACES,2.7,6,M6,Z,11.5,7.9,9.9,29,228,,,,
2015,PORSCHE,CAYMAN GTS,DEUX PLACES,3.4,6,AM7,Z,10.9,7.7,9.5,30,218,,,,
2015,PORSCHE,CAYMAN GTS,DEUX PLACES,3.4,6,M6,Z,12.1,8.9,10.7,26,246,,,,
2015,PORSCHE,CAYMAN S,DEUX PLACES,3.4,6,AM7,Z,11.3,7.9,9.8,29,225,,,,
2015,PORSCHE,CAYMAN S,DEUX PLACES,3.4,6,M6,Z,11.9,8.6,10.4,27,239,,,,
2015,PORSCHE,MACAN S,VUS - PETIT,3.0,6,A7,Z,13.7,10.3,12.2,23,281,,,,
2015,PORSCHE,MACAN TURBO,VUS - PETIT,3.6,6,A7,Z,14.2,10.1,12.3,23,283,,,,
2015,PORSCHE,PANAMERA,GRANDE BERLINE,3.6,6,AM7,Z,12.9,8.4,10.9,26,251,,,,
2015,PORSCHE,PANAMERA 4,GRANDE BERLINE,3.6,6,AM7,Z,13.1,8.7,11.1,25,255,,,,
2015,PORSCHE,PANAMERA 4S,GRANDE BERLINE,3.0,6,AM7,Z,13.4,8.8,11.4,25,262,,,,
2015,PORSCHE,PANAMERA 4S EXECUTIVE,GRANDE BERLINE,3.0,6,AM7,Z,13.7,8.9,11.5,25,264,,,,
2015,PORSCHE,PANAMERA GTS,GRANDE BERLINE,4.8,8,AM7,Z,15.1,9.7,12.7,22,292,,,,
2015,PORSCHE,PANAMERA S,GRANDE BERLINE,3.0,6,AM7,Z,13.4,8.8,11.4,25,262,,,,
2015,PORSCHE,PANAMERA TURBO,GRANDE BERLINE,4.8,8,AM7,Z,15.3,9.7,12.8,22,294,,,,
2015,PORSCHE,PANAMERA TURBO EXECUTIVE,GRANDE BERLINE,4.8,8,AM7,Z,15.4,9.8,12.9,22,297,,,,
2015,PORSCHE,PANAMERA TURBO S,GRANDE BERLINE,4.8,8,AM7,Z,15.3,9.7,12.8,22,294,,,,
2015,PORSCHE,PANAMERA TURBO S EXECUTIVE,GRANDE BERLINE,4.8,8,AM7,Z,15.4,9.8,12.9,22,297,,,,
2015,RAM,1500,CAMIONNETTE - ORDINAIRE,3.6,6,A8,X,13.9,9.5,11.9,24,274,,,,
2015,RAM,1500 FFV,CAMIONNETTE - ORDINAIRE,3.6,6,A8,X,13.9,9.5,11.9,24,274,,,,
2015,RAM,1500 FFV,CAMIONNETTE - ORDINAIRE,3.6,6,A8,E,19.4,13.6,16.8,17,269,,,,
2015,RAM,1500 HFE,CAMIONNETTE - ORDINAIRE,3.6,6,A8,X,12.9,9.3,11.3,25,260,,,,
2015,RAM,1500 (MDS),CAMIONNETTE - ORDINAIRE,5.7,8,A6,X,17.1,12.0,14.8,19,340,,,,
2015,RAM,1500 (MDS),CAMIONNETTE - ORDINAIRE,5.7,8,A8,X,15.7,10.9,13.6,21,313,,,,
2015,RAM,1500 ECODIESEL,CAMIONNETTE - ORDINAIRE,3.0,6,A8,D,11.5,8.4,10.1,28,273,,,,
2015,RAM,1500 ECODIESEL HFE,CAMIONNETTE - ORDINAIRE,3.0,6,A8,D,11.3,8.0,9.8,29,265,,,,
2015,RAM,1500 4X4,CAMIONNETTE - ORDINAIRE,3.6,6,A8,X,14.6,10.1,12.6,22,290,,,,
2015,RAM,1500 4X4 FFV,CAMIONNETTE - ORDINAIRE,3.6,6,A8,X,14.6,10.1,12.6,22,290,,,,
2015,RAM,1500 4X4 FFV,CAMIONNETTE - ORDINAIRE,3.6,6,A8,E,20.5,14.5,17.8,16,285,,,,
2015,RAM,1500 4X4 (MDS),CAMIONNETTE - ORDINAIRE,5.7,8,A6,X,17.7,12.7,15.4,18,354,,,,
2015,RAM,1500 4X4 (MDS),CAMIONNETTE - ORDINAIRE,5.7,8,A8,X,16.2,11.5,14.1,20,324,,,,
2015,RAM,1500 4X4 ECODIESEL,CAMIONNETTE - ORDINAIRE,3.0,6,A8,D,12.1,8.8,10.6,27,286,,,,
2015,RAM,CARGO VAN FFV,FOURGONNETTE,3.6,6,A6,X,13.3,9.1,11.4,25,262,,,,
2015,RAM,CARGO VAN FFV,FOURGONNETTE,3.6,6,A6,E,18.6,12.7,15.9,18,254,,,,
2015,RAM,PROMASTER CITY,VÉHICULE À USAGE SPÉCIAL,2.4,4,A9,X,11.2,8.1,9.8,29,225,,,,
2015,ROLLS-ROYCE,GHOST,GRANDE BERLINE,6.6,12,AS8,Z,19.2,12.4,16.1,18,370,,,,
2015,ROLLS-ROYCE,GHOST EWB,GRANDE BERLINE,6.6,12,AS8,Z,19.2,12.4,16.1,18,370,,,,
2015,ROLLS-ROYCE,PHANTOM,GRANDE BERLINE,6.7,12,AS8,Z,20.9,12.7,17.2,16,396,,,,
2015,ROLLS-ROYCE,PHANTOM EWB,GRANDE BERLINE,6.7,12,AS8,Z,20.7,12.9,17.2,16,396,,,,
2015,ROLLS-ROYCE,PHANTOM COUPE,COMPACTE,6.7,12,AS8,Z,20.9,12.7,17.2,16,396,,,,
2015,ROLLS-ROYCE,PHANTOM DROPHEAD COUPE,COMPACTE,6.7,12,AS8,Z,20.7,12.9,17.2,16,396,,,,
2015,ROLLS-ROYCE,WRAITH,INTERMÉDIAIRE,6.6,12,AS8,Z,18.7,11.8,15.6,18,359,,,,
2015,SCION,FR-S,MINICOMPACTE,2.0,4,AS6,Z,9.6,7.0,8.4,34,193,,,,
2015,SCION,FR-S,MINICOMPACTE,2.0,4,M6,Z,10.9,7.9,9.6,29,221,,,,
2015,SCION,iQ,MINICOMPACTE,1.3,4,AV,X,6.5,6.3,6.4,44,147,,,,
2015,SCION,tC,COMPACTE,2.5,4,AS6,X,10.2,7.6,9.0,31,207,,,,
2015,SCION,tC,COMPACTE,2.5,4,M6,X,10.2,7.7,9.0,31,207,,,,
2015,SCION,xB,FAMILIALE - PETITE,2.4,4,AS4,X,10.9,8.5,9.8,29,225,,,,
2015,SCION,xB,FAMILIALE - PETITE,2.4,4,M5,X,10.8,8.5,9.8,29,225,,,,
2015,SMART,FORTWO CABRIOLET,DEUX PLACES,1.0,3,AM5,Z,6.8,6.2,6.5,43,150,,,,
2015,SMART,FORTWO COUPE,DEUX PLACES,1.0,3,AM5,Z,6.8,6.2,6.5,43,150,,,,
2015,SUBARU,BRZ,MINICOMPACTE,2.0,4,AS6,Z,9.6,7.0,8.4,34,193,,,,
2015,SUBARU,BRZ,MINICOMPACTE,2.0,4,M6,Z,10.9,7.9,9.6,29,221,,,,
2015,SUBARU,FORESTER AWD,VUS - PETIT,2.0,4,AV8,Z,10.2,8.5,9.4,30,216,,,,
2015,SUBARU,FORESTER AWD,VUS - PETIT,2.5,4,AV6,X,9.6,7.5,8.7,32,200,,,,
2015,SUBARU,FORESTER AWD,VUS - PETIT,2.5,4,M6,X,10.6,8.4,9.6,29,221,,,,
2015,SUBARU,IMPREZA AWD,COMPACTE,2.0,4,AV6,X,8.5,6.4,7.6,37,175,,,,
2015,SUBARU,IMPREZA AWD,COMPACTE,2.0,4,M5,X,9.5,7.0,8.4,34,193,,,,
2015,SUBARU,IMPREZA WAGON AWD,FAMILIALE - PETITE,2.0,4,AV6,X,8.5,6.4,7.6,37,175,,,,
2015,SUBARU,IMPREZA WAGON AWD,FAMILIALE - PETITE,2.0,4,M5,X,9.5,7.0,8.4,34,193,,,,
2015,SUBARU,LEGACY AWD,INTERMÉDIAIRE,2.5,4,AV6,X,9.0,6.5,7.9,36,182,,,,
2015,SUBARU,LEGACY AWD,INTERMÉDIAIRE,2.5,4,M6,X,10.7,7.8,9.4,30,216,,,,
2015,SUBARU,LEGACY AWD,INTERMÉDIAIRE,3.6,6,AV6,X,11.9,8.2,10.2,28,235,,,,
2015,SUBARU,OUTBACK AWD,VUS - PETIT,2.5,4,AV6,X,9.3,7.1,8.3,34,191,,,,
2015,SUBARU,OUTBACK AWD,VUS - PETIT,2.5,4,M6,X,11.0,8.2,9.7,29,223,,,,
2015,SUBARU,OUTBACK AWD,VUS - PETIT,3.6,6,AV6,X,12.0,8.6,10.5,27,242,,,,
2015,SUBARU,WRX,COMPACTE,2.0,4,AV8,Z,12.4,9.4,11.1,25,255,,,,
2015,SUBARU,WRX,COMPACTE,2.0,4,M6,Z,11.1,8.3,9.8,29,225,,,,
2015,SUBARU,WRX,COMPACTE,2.5,4,M6,Z,13.8,10.2,12.2,23,281,,,,
2015,SUBARU,XV CROSSTREK AWD,VUS - PETIT,2.0,4,AV6,X,9.1,7.0,8.1,35,186,,,,
2015,SUBARU,XV CROSSTREK AWD,VUS - PETIT,2.0,4,M5,X,10.2,7.7,9.1,31,209,,,,
2015,SUBARU,XV CROSSTREK HYBRID AWD,VUS - PETIT,2.0,4,AV6,X,7.9,6.9,7.5,38,173,,,,
2015,TOYOTA,4RUNNER 4WD,VUS - ORDINAIRE,4.0,6,AS5,X,14.2,11.1,12.8,22,294,,,,
2015,TOYOTA,4RUNNER 4WD (Part-Time 4WD),VUS - ORDINAIRE,4.0,6,AS5,X,14.2,11.1,12.8,22,294,,,,
2015,TOYOTA,AVALON,INTERMÉDIAIRE,3.5,6,AS6,X,11.3,7.5,9.6,29,221,,,,
2015,TOYOTA,CAMRY,INTERMÉDIAIRE,2.5,4,AS6,X,9.7,6.9,8.4,34,193,,,,
2015,TOYOTA,CAMRY,INTERMÉDIAIRE,3.5,6,AS6,X,11.0,7.7,9.5,30,218,,,,
2015,TOYOTA,CAMRY HYBRID LE,INTERMÉDIAIRE,2.5,4,AV,X,5.5,6.0,5.7,50,131,,,,
2015,TOYOTA,CAMRY HYBRID XLE/SE,INTERMÉDIAIRE,2.5,4,AV,X,5.7,6.1,5.9,48,136,,,,
2015,TOYOTA,COROLLA,INTERMÉDIAIRE,1.8,4,A4,X,8.6,6.5,7.6,37,175,,,,
2015,TOYOTA,COROLLA,INTERMÉDIAIRE,1.8,4,AV7,X,7.9,6.1,7.1,40,163,,,,
2015,TOYOTA,COROLLA,INTERMÉDIAIRE,1.8,4,AV,X,8.2,6.2,7.3,39,168,,,,
2015,TOYOTA,COROLLA,INTERMÉDIAIRE,1.8,4,M6,X,8.3,6.2,7.4,38,170,,,,
2015,TOYOTA,COROLLA LE ECO (1-mode),INTERMÉDIAIRE,1.8,4,AV,X,7.7,5.6,6.8,42,156,,,,
2015,TOYOTA,COROLLA LE ECO (2-mode),INTERMÉDIAIRE,1.8,4,AV,X,7.7,6.0,6.9,41,159,,,,
2015,TOYOTA,HIGHLANDER,VUS - PETIT,2.7,4,AS6,X,11.7,9.5,10.7,26,246,,,,
2015,TOYOTA,HIGHLANDER,VUS - PETIT,3.5,6,AS6,X,12.5,9.3,11.1,25,255,,,,
2015,TOYOTA,HIGHLANDER AWD,VUS - ORDINAIRE,3.5,6,AS6,X,13.0,9.8,11.6,24,267,,,,
2015,TOYOTA,HIGHLANDER HYBRID AWD,VUS - ORDINAIRE,3.5,6,AV6,X,8.6,8.5,8.5,33,196,,,,
2015,TOYOTA,HIGHLANDER HYBRID AWD LE,VUS - ORDINAIRE,3.5,6,AV6,X,8.4,8.3,8.4,34,193,,,,
2015,TOYOTA,PRIUS,INTERMÉDIAIRE,1.8,4,AV,X,4.6,4.9,4.7,60,108,,,,
2015,TOYOTA,PRIUS c,COMPACTE,1.5,4,AV,X,4.5,5.1,4.8,59,110,,,,
2015,TOYOTA,PRIUS v,FAMILIALE - INTERMÉDIAIRE,1.8,4,AV,X,5.4,5.8,5.6,50,129,,,,
2015,TOYOTA,RAV4,VUS - PETIT,2.5,4,AS6,X,10.0,7.6,8.9,32,205,,,,
2015,TOYOTA,RAV4 AWD,VUS - PETIT,2.5,4,AS6,X,10.5,8.2,9.5,30,218,,,,
2015,TOYOTA,RAV4 LE/XLE,VUS - PETIT,2.5,4,AS6,X,10.0,7.6,8.9,32,205,,,,
2015,TOYOTA,RAV4 LIMITED AWD,VUS - PETIT,2.5,4,AS6,X,10.7,8.3,9.6,29,221,,,,
2015,TOYOTA,SEQUOIA 4WD,VUS - ORDINAIRE,5.7,8,AS6,X,18.8,14.0,16.6,17,382,,,,
2015,TOYOTA,SIENNA,FOURGONNETTE,3.5,6,AS6,X,13.0,9.5,11.4,25,262,,,,
2015,TOYOTA,SIENNA AWD,FOURGONNETTE,3.5,6,AS6,X,14.4,10.2,12.5,23,288,,,,
2015,TOYOTA,TACOMA,CAMIONNETTE - PETITE,2.7,4,A4,X,12.2,9.9,11.2,25,258,,,,
2015,TOYOTA,TACOMA,CAMIONNETTE - PETITE,2.7,4,M5,X,11.3,9.5,10.5,27,242,,,,
2015,TOYOTA,TACOMA,CAMIONNETTE - PETITE,4.0,6,M6,X,14.5,11.3,13.1,22,301,,,,
2015,TOYOTA,TACOMA 4WD,CAMIONNETTE - PETITE,2.7,4,A4,X,13.1,11.3,12.3,23,283,,,,
2015,TOYOTA,TACOMA 4WD,CAMIONNETTE - PETITE,2.7,4,M5,X,12.9,11.5,12.3,23,283,,,,
2015,TOYOTA,TACOMA 4WD,CAMIONNETTE - PETITE,4.0,6,A5,X,14.8,11.6,13.4,21,308,,,,
2015,TOYOTA,TACOMA 4WD,CAMIONNETTE - PETITE,4.0,6,M6,X,15.3,12.3,14.0,20,322,,,,
2015,TOYOTA,TUNDRA,CAMIONNETTE - ORDINAIRE,4.6,8,AS6,X,15.9,12.3,14.3,20,329,,,,
2015,TOYOTA,TUNDRA,CAMIONNETTE - ORDINAIRE,5.7,8,AS6,X,17.2,12.8,15.2,19,350,,,,
2015,TOYOTA,TUNDRA 4WD,CAMIONNETTE - ORDINAIRE,4.6,8,AS6,X,16.9,12.8,15.1,19,347,,,,
2015,TOYOTA,TUNDRA 4WD,CAMIONNETTE - ORDINAIRE,5.7,8,AS6,X,18.5,14.2,16.6,17,382,,,,
2015,TOYOTA,VENZA,VUS - PETIT,2.7,4,AS6,X,11.6,9.0,10.4,27,239,,,,
2015,TOYOTA,VENZA,VUS - PETIT,3.5,6,AS6,X,12.5,9.0,10.9,26,251,,,,
2015,TOYOTA,VENZA 4WD,VUS - PETIT,2.7,4,AS6,X,11.6,9.2,10.5,27,242,,,,
2015,TOYOTA,VENZA 4WD,VUS - PETIT,3.5,6,AS6,X,12.8,9.3,11.3,25,260,,,,
2015,TOYOTA,YARIS,COMPACTE,1.5,4,A4,X,7.8,6.6,7.3,39,168,,,,
2015,TOYOTA,YARIS,COMPACTE,1.5,4,M5,X,7.7,6.3,7.1,40,163,,,,
2015,VOLKSWAGEN,BEETLE,COMPACTE,1.8,4,AS6,X,9.6,7.2,8.5,33,196,,,,
2015,VOLKSWAGEN,BEETLE,COMPACTE,1.8,4,M5,X,9.9,7.2,8.7,32,200,,,,
2015,VOLKSWAGEN,BEETLE,COMPACTE,2.0,4,AM6,Z,10.0,7.9,9.1,31,209,,,,
2015,VOLKSWAGEN,BEETLE,COMPACTE,2.0,4,M6,Z,10.4,7.7,9.2,31,212,,,,
2015,VOLKSWAGEN,BEETLE TDI (modifié),COMPACTE,2.0,4,AM6,D,7.6,5.7,6.9,41,183,,,,
2015,VOLKSWAGEN,BEETLE TDI (modifié),COMPACTE,2.0,4,M6,D,7.6,5.7,6.9,41,184,,,,
2015,VOLKSWAGEN,BEETLE CONVERTIBLE,SOUS-COMPACTE,1.8,4,AS6,X,9.8,7.3,8.7,32,200,,,,
2015,VOLKSWAGEN,BEETLE CONVERTIBLE,SOUS-COMPACTE,2.0,4,AM6,Z,10.3,8.2,9.4,30,216,,,,
2015,VOLKSWAGEN,BEETLE CONVERTIBLE,SOUS-COMPACTE,2.0,4,M6,Z,10.4,7.7,9.2,31,212,,,,
2015,VOLKSWAGEN,CC,COMPACTE,2.0,4,AM6,Z,10.7,7.7,9.3,30,214,,,,
2015,VOLKSWAGEN,CC,COMPACTE,2.0,4,M6,Z,11.4,7.4,9.6,29,221,,,,
2015,VOLKSWAGEN,CC 4MOTION,COMPACTE,3.6,6,AS6,Z,13.9,9.3,11.8,24,271,,,,
2015,VOLKSWAGEN,EOS,SOUS-COMPACTE,2.0,4,AM6,Z,10.8,7.8,9.5,30,219,,,,
2015,VOLKSWAGEN,GOLF,COMPACTE,1.8,4,AS6,X,9.3,6.5,8.1,35,186,,,,
2015,VOLKSWAGEN,GOLF,COMPACTE,1.8,4,M5,X,9.3,6.4,8.0,35,184,,,,
2015,VOLKSWAGEN,GOLF TDI (modifié),COMPACTE,2.0,4,AM6,D,7.6,5.5,6.5,43,177,,,,
2015,VOLKSWAGEN,GOLF TDI (modifié),COMPACTE,2.0,4,M6,D,7.8,5.2,6.5,43,178,,,,
2015,VOLKSWAGEN,GOLF GTI,COMPACTE,2.0,4,AM6,Z,9.5,7.2,8.5,33,196,,,,
2015,VOLKSWAGEN,GOLF GTI,COMPACTE,2.0,4,M6,Z,9.4,6.9,8.3,34,191,,,,
2015,VOLKSWAGEN,GOLF SPORTWAGON,FAMILIALE - PETITE,1.8,4,AS6,X,9.4,6.8,8.2,34,193,,,,
2015,VOLKSWAGEN,GOLF SPORTWAGON,FAMILIALE - PETITE,1.8,4,M5,X,9.5,6.6,8.2,34,189,,,,
2015,VOLKSWAGEN,GOLF SPORTWAGON TDI (modifié),FAMILIALE - PETITE,2.0,4,AM6,D,7.6,5.6,6.7,42,180,,,,
2015,VOLKSWAGEN,GOLF SPORTWAGON TDI (modifié),FAMILIALE - PETITE,2.0,4,M6,D,7.6,5.5,6.7,42,179,,,,
2015,VOLKSWAGEN,JETTA,COMPACTE,1.8,4,AS6,X,9.3,6.3,7.9,36,182,,,,
2015,VOLKSWAGEN,JETTA,COMPACTE,1.8,4,M5,X,9.3,6.3,8.0,35,184,,,,
2015,VOLKSWAGEN,JETTA,COMPACTE,2.0,4,AS6,X,10.4,7.0,8.9,32,205,,,,
2015,VOLKSWAGEN,JETTA,COMPACTE,2.0,4,M5,X,9.5,6.9,8.4,34,193,,,,
2015,VOLKSWAGEN,JETTA TDI (modifié),COMPACTE,2.0,4,AM6,D,7.6,5.2,6.5,43,175,,,,
2015,VOLKSWAGEN,JETTA TDI (modifié),COMPACTE,2.0,4,M6,D,7.6,5.1,6.5,43,176,,,,
2015,VOLKSWAGEN,JETTA GLI,COMPACTE,2.0,4,AM6,Z,10.0,7.3,8.8,32,202,,,,
2015,VOLKSWAGEN,JETTA GLI,COMPACTE,2.0,4,M6,Z,10.3,7.2,8.9,32,205,,,,
2015,VOLKSWAGEN,JETTA HYBRID,COMPACTE,1.4,4,AM7,Z,5.6,4.9,5.3,53,122,,,,
2015,VOLKSWAGEN,PASSAT,INTERMÉDIAIRE,1.8,4,AS6,X,9.7,6.6,8.3,34,191,,,,
2015,VOLKSWAGEN,PASSAT,INTERMÉDIAIRE,1.8,4,M5,X,9.8,6.7,8.4,34,193,,,,
2015,VOLKSWAGEN,PASSAT,INTERMÉDIAIRE,3.6,6,AM6,Z,11.9,8.5,10.4,27,239,,,,
2015,VOLKSWAGEN,PASSAT TDI (modifié),INTERMÉDIAIRE,2.0,4,AM6,D,7.8,5.6,6.9,41,185,,,,
2015,VOLKSWAGEN,PASSAT TDI (modifié),INTERMÉDIAIRE,2.0,4,M6,D,7.8,5.3,6.7,42,182,,,,
2015,VOLKSWAGEN,TIGUAN,VUS - PETIT,2.0,4,AS6,Z,11.5,9.3,10.5,27,242,,,,
2015,VOLKSWAGEN,TIGUAN,VUS - PETIT,2.0,4,M6,Z,13.0,9.0,11.2,25,258,,,,
2015,VOLKSWAGEN,TIGUAN 4MOTION,VUS - PETIT,2.0,4,AS6,Z,11.7,9.4,10.7,26,246,,,,
2015,VOLKSWAGEN,TOUAREG,VUS - ORDINAIRE,3.6,6,AS8,Z,14.1,10.4,12.4,23,292,,,,
2015,VOLKSWAGEN,TOUAREG TDI (modifié),VUS - ORDINAIRE,3.0,6,AS8,D,11.8,8.1,10.2,28,277,,,,
2015,VOLVO,S60 POLESTAR AWD,COMPACTE,3.0,6,AS6,X,12.8,8.9,11.0,26,253,,,,
2015,VOLVO,S60 T5 ,COMPACTE,2.0,4,AS8,X,9.8,6.6,8.4,34,193,,,,
2015,VOLVO,S60 T5 AWD,COMPACTE,2.5,5,AS6,X,11.6,8.2,10.1,28,232,,,,
2015,VOLVO,S60 T6   ,COMPACTE,2.0,4,AS8,Z,10.1,7.3,8.9,32,205,,,,
2015,VOLVO,S60 T6 AWD,COMPACTE,3.0,6,AS6,X,12.9,9.0,11.2,25,258,,,,
2015,VOLVO,S80 T5,INTERMÉDIAIRE,2.0,4,AS8,X,9.8,6.6,8.4,34,193,,,,
2015,VOLVO,S80 T6 AWD,INTERMÉDIAIRE,3.0,6,AS6,X,12.9,9.0,11.2,25,258,,,,
2015,VOLVO,V60 CC,VUS - PETIT,2.0,4,AS8,X,9.8,7.6,8.8,32,202,,,,
2015,VOLVO,V60 CC AWD,VUS - PETIT,2.5,5,AS6,X,11.8,8.5,10.3,27,237,,,,
2015,VOLVO,V60 POLESTAR AWD,FAMILIALE - PETITE,3.0,6,AS6,X,12.8,8.9,11.0,26,253,,,,
2015,VOLVO,V60 T5,FAMILIALE - PETITE,2.0,4,AS8,X,9.8,6.6,8.4,34,193,,,,
2015,VOLVO,V60 T5 AWD,FAMILIALE - PETITE,2.5,5,AS6,X,11.6,8.2,10.1,28,232,,,,
2015,VOLVO,V60 T6 AWD,FAMILIALE - PETITE,3.0,6,AS6,X,12.9,9.0,11.2,25,258,,,,
2015,VOLVO,XC60 3.2 AWD,VUS - PETIT,3.2,6,AS6,X,13.1,9.5,11.5,25,264,,,,
2015,VOLVO,XC60 T5,VUS - PETIT,2.0,4,AS8,X,9.8,7.6,8.8,32,202,,,,
2015,VOLVO,XC60 T5 AWD,VUS - PETIT,2.5,5,AS6,X,13.0,9.4,11.4,25,262,,,,
2015,VOLVO,XC60 T6  ,VUS - PETIT,2.0,4,AS8,Z,10.7,7.8,9.4,30,216,,,,
2015,VOLVO,XC60 T6 AWD,VUS - PETIT,3.0,6,AS6,X,13.6,9.9,11.9,24,274,,,,
2015,VOLVO,XC70 3.2 AWD,VUS - PETIT,3.2,6,AS6,X,13.1,9.1,11.3,25,260,,,,
2015,VOLVO,XC70 T5,VUS - PETIT,2.0,4,AS8,X,9.8,7.6,8.8,32,202,,,,
2015,VOLVO,XC70 T6 AWD,VUS - PETIT,3.0,6,AS6,X,13.6,9.9,11.9,24,274,,,,
,,,,,,,,,,,,,,,,
"* Pour lannée modèle 2015, les constructeurs utilisent une procédure dessai améliorée pour établir les cotes de consommation de carburant des véhicules légers neufs. Les nouvelles méthodes dessai approuvées par le gouvernement du Canada représentent davantage",,,,,,,,,,,,,,,,
"les conditions et les styles de conduite réels. Les nouvelles méthodes dessai (essais à cinq cycles) complètent les essais standards (deux cycles) pour la ville et la route en intégrant trois cycles dessais supplémentaires qui tiennent compte de lutilisation du climatiseur,",,,,,,,,,,,,,,,,
de lemploi du véhicule par temps froid et de plus grandes vitesses avec accélération et freinage plus rapides. Ces nouveaux essais à cinq cycles donnent lieu à des cotes de consommation de carburant plus élevées qui sont plus représentatives de la consommation de,,,,,,,,,,,,,,,,
carburant obtenue sur la route par rapport aux anciennes cotes.,,,,,,,,,,,,,,,,
,,,,,,,,,,,,,,,,
Explication de tableau,,,,,,,,,,,,,,,,
Modèle,4WD/4X4 = transmission à quatre roues motrices,,,,,,,,,,,,,,,
,AWD = transmission intégrale,,,,,,,,,,,,,,,
,FFV = véhicule à carburant mixte,,,,,,,,,,,,,,,
Transmission,A = automatique,,,,,,,,,,,,,,,
,AM = manuelle automatisée,,,,,,,,,,,,,,,
,AS = automatique avec levier de vitesse de sélection,,,,,,,,,,,,,,,
,AV = variation continue,,,,,,,,,,,,,,,
,M = manuelle,,,,,,,,,,,,,,,
,3  10 = nombres de rapports,,,,,,,,,,,,,,,
Type de carburant,X = essence ordinaire,,,,,,,,,,,,,,,
,Z = essence super,,,,,,,,,,,,,,,
,D = diesel,,,,,,,,,,,,,,,
,E = éthanol (E85),,,,,,,,,,,,,,,
Consommation de carburant,"Les cotes de consommation de carburant en ville et sur la route sont affichées en litres par 100 kilomètres (L/100 km) - la cote combinée (55 % ville, 45 % route) est affichée en L/100 km et en milles au gallon impérial (mi/gal).",,,,,,,,,,,,,,,
Émissions de CO2 (g/km),Les émissions d'échappement de dioxyde de carbone estimatives (en grammes par kilomètre) sont fondées sur le type de carburant et la cote de consommation de carburant combinée.,,,,,,,,,,,,,,,
